,News Media,Date,Tweets Ago,Compound,Positive,Neutral,Negative,Tweet
0,BBCBreaking,Sun Sep 09 18:09:57 +0000 2018,1,0.6249,0.282,0.718,0.0,"Sweden's far right makes gains in election as establishment parties deadlocked, exit polls predict https://t.co/GXIMNX2uTb"
1,BBCBreaking,Sun Sep 09 17:03:42 +0000 2018,2,-0.8555,0.0,0.58,0.42,"28-year-old woman charged with attempted murder after man stabbed on Saturday in Barnsley, South Yorkshire https://t.co/IQTo0Ap8cW"
2,BBCBreaking,Sat Sep 08 21:47:17 +0000 2018,3,0.8402,0.34,0.577,0.083,Naomi Osaka beats Serena Williams 6-2 6-4 to win US Open - the first Japanese player to win Grand Slam singles title https://t.co/y9hsSHkKZy
3,BBCBreaking,Sat Sep 08 17:02:27 +0000 2018,4,-0.9231,0.0,0.53,0.47,"Woman, 28, arrested after man stabbed in Barnsley, South Yorkshire is being held on suspicion of attempted murder https://t.co/iWCXSe2gLM"
4,BBCBreaking,Sat Sep 08 09:38:43 +0000 2018,5,-0.7184,0.0,0.76,0.24,"One person arrested after reports man had been stabbed in Barnsley town centre, as police investigate if it was an… https://t.co/oyYQpXLyph"
5,BBCBreaking,Sat Sep 08 09:10:30 +0000 2018,6,-0.0772,0.0,0.902,0.098,"Police responding to ""serious incident"" in Barnsley, South Yorkshire, the force says https://t.co/hIXI30hWJ9"
6,BBCBreaking,Fri Sep 07 21:28:58 +0000 2018,7,-0.6486,0.0,0.815,0.185,"US rapper Mac Miller found dead at his Los Angeles home aged 26 after apparent overdose, US media report https://t.co/ytKhUKCXkC"
7,BBCBreaking,Fri Sep 07 20:45:14 +0000 2018,8,-0.765,0.0,0.72,0.28,Former Donald Trump aide George Papadopoulos jailed for 14 days for lying to the FBI in Russia investigation https://t.co/SIBVvJz398
8,BBCBreaking,Fri Sep 07 07:00:15 +0000 2018,9,-0.7871,0.14,0.433,0.427,"BA boss ""extremely sorry"" after some customers' data stolen in ""very sophisticated criminal attack"" on website https://t.co/PGrIfzJlnG"
9,BBCBreaking,Thu Sep 06 20:55:50 +0000 2018,10,-0.8225,0.0,0.612,0.388,Twitter permanently bans US conspiracy theorist Alex Jones and Infowars for abusive behaviour https://t.co/6hp5VIIf7F
10,BBCBreaking,Thu Sep 06 19:28:33 +0000 2018,11,0.4019,0.153,0.847,0.0,"Obituary: Burt Reynolds - full of charm &amp; swagger, he became one of Hollywood's best-known stars… https://t.co/FNVMKFPafC"
11,BBCBreaking,Thu Sep 06 19:06:08 +0000 2018,12,0.0,0.0,1.0,0.0,"Burt Reynolds dies, aged 82 - he starred in a string of hits in the 1970s, including Smokey and the Bandit &amp; Delive… https://t.co/eeqUAl3qVP"
12,BBCBreaking,Thu Sep 06 17:00:22 +0000 2018,13,-0.2732,0.0,0.87,0.13,A planned tax cut for 2.7m self-employed workers has been scrapped by the UK government https://t.co/v9Mbp69qsd
13,BBCBreaking,Thu Sep 06 15:10:53 +0000 2018,14,0.3245,0.298,0.543,0.159,"US, France, Germany and Canada agree with UK that Russian government ""almost certainly"" approved Salisbury poisoning https://t.co/zEJwB5R0mT"
14,BBCBreaking,Thu Sep 06 10:35:28 +0000 2018,15,-0.5574,0.0,0.783,0.217,"Cranberries singer Dolores O'Riordan died by drowning due to alcohol intoxication, inquest told https://t.co/CdevEV5EYs"
15,BBCBreaking,Thu Sep 06 06:28:06 +0000 2018,16,-0.128,0.227,0.524,0.249,Gay sex is no longer a crime in India after a historic verdict by the Supreme Court https://t.co/GnrdzPPSuF
16,BBCBreaking,Wed Sep 05 12:11:06 +0000 2018,17,-0.7351,0.0,0.721,0.279,"""This was not a rogue operation""

UK PM Theresa May says suspects in Salisbury poisoning investigation were Russian… https://t.co/MbTg37F5H6"
17,BBCBreaking,Wed Sep 05 12:05:07 +0000 2018,18,-0.34,0.131,0.636,0.233,"Two Salisbury attack suspects are believed to be Russian military intelligence officers, UK PM Theresa May says https://t.co/cC5Plpg7J4"
18,BBCBreaking,Wed Sep 05 10:09:08 +0000 2018,19,-0.4767,0.0,0.846,0.154,"UK police name two Russian nationals saying there is ""sufficient evidence"" to charge them over Salisbury attack https://t.co/SXGLXtBgPY"
19,BBCBreaking,Wed Sep 05 10:01:06 +0000 2018,20,0.7351,0.321,0.545,0.133,"Rachael Bland, BBC presenter who won praise for her honest portrayal of cancer in her blog and podcast, dies aged 4… https://t.co/90T6zvn51D"
20,BBCBreaking,Tue Sep 04 16:23:45 +0000 2018,21,0.1779,0.082,0.918,0.0,UK Labour’s ruling body the NEC to adopt in full an international definition of anti-Semitism after months of rows https://t.co/crqNidbgLk
21,BBCBreaking,Tue Sep 04 04:05:29 +0000 2018,22,-0.7906,0.0,0.682,0.318,"Founder of Afghan militant network Jalaluddin Haqqani is dead after years of illness, the Taliban announces https://t.co/WL9DGkEoDd"
22,BBCBreaking,Mon Sep 03 12:16:16 +0000 2018,23,0.0,0.0,1.0,0.0,"2018 was joint-hottest summer on record for UK as a whole and the hottest for England, Met Office says https://t.co/dbKp5lDVPR"
23,BBCBreaking,Mon Sep 03 07:14:50 +0000 2018,24,-0.0516,0.0,0.941,0.059,Chris Evans reveals live on air he is to leave Radio 2 breakfast show after eight years at the helm https://t.co/xgzFkesyme
24,BBCBreaking,Mon Sep 03 04:08:27 +0000 2018,25,-0.6249,0.0,0.785,0.215,Myanmar jails two Reuters journalists for seven years over their investigation into violence against Rohingyas https://t.co/csKrk4XPxD
25,BBCBreaking,Mon Sep 03 00:43:10 +0000 2018,26,0.0258,0.109,0.786,0.105,"One of Latin America's largest natural history museums, in Brazil's Rio de Janeiro, has been hit by a massive fire https://t.co/hXegQI4Lsk"
26,BBCBreaking,Sun Sep 02 21:45:33 +0000 2018,27,-0.34,0.0,0.882,0.118,"Up in flames - dramatic images of fire at the Littlewoods Pools building, one of Liverpool's most famous landmarks https://t.co/sXBSryMSmE"
27,BBCBreaking,Fri Aug 31 21:55:30 +0000 2018,28,-0.7003,0.0,0.721,0.279,"Janbaz Tarin, 21, charged with murders of Raneem Oudeh and her mother Khaola Saleem in Solihull https://t.co/rKisbSWW2S"
28,BBCBreaking,Fri Aug 31 20:16:13 +0000 2018,29,0.4215,0.141,0.859,0.0,"The United States is ending all funding for the UN's Palestinian refugee agency, the State Department says https://t.co/V2RJe5Mtft"
29,BBCBreaking,Fri Aug 31 19:54:02 +0000 2018,30,0.0,0.0,1.0,0.0,"US-Canada trade talks break up without deal but negotiations will continue next week, US official confirms https://t.co/rb1dDmFCam"
30,BBCBreaking,Fri Aug 31 15:53:33 +0000 2018,31,-0.6705,0.0,0.78,0.22,"Leader of pro-Russian self-declared Donetsk republic in eastern Ukraine killed in cafe blast, his government says https://t.co/aNFtUbsJhI"
31,BBCBreaking,Fri Aug 31 14:16:56 +0000 2018,32,-0.836,0.0,0.717,0.283,Naa'imur Zakariyah Rahman jailed for life with minimum term of 30 years for plot to kill UK PM in Downing Street https://t.co/EfFMkw3ZjF
32,BBCBreaking,Fri Aug 31 09:15:51 +0000 2018,33,0.0,0.0,1.0,0.0,London’s new Crossrail underground line will not open until autumn 2019 - nine months after its scheduled launch https://t.co/ngGSraTbFT
33,BBCBreaking,Fri Aug 31 06:08:23 +0000 2018,34,0.0,0.0,1.0,0.0,Coca-Cola is to buy the Costa Coffee chain from Whitbread for £3.9bn https://t.co/f49WFwsGMa
34,BBCBreaking,Fri Aug 31 00:23:31 +0000 2018,35,-0.875,0.0,0.583,0.417,"A man, 21, is arrested in Birmingham on suspicion of murdering a mother and her daughter in Solihull https://t.co/jkYhhXCCGq"
35,BBCBreaking,Thu Aug 30 16:22:13 +0000 2018,36,-0.926,0.0,0.491,0.509,French actor Gerard Depardieu accused of rape and sexual assault - judicial sources. He denies the claims https://t.co/zrYcCpV2qz
36,BBCBreaking,Thu Aug 30 16:09:23 +0000 2018,37,0.296,0.152,0.758,0.091,UK payday lender Wonga enters administration amid surge in compensation claims over interest charged to customers https://t.co/jJpFbK1iFg
37,BBCBreaking,Thu Aug 30 15:32:45 +0000 2018,38,-0.3182,0.0,0.881,0.119,"Veteran MP Frank Field resigns Labour whip, saying the party's leadership has become ""a force for anti-Semitism"" https://t.co/eoozL8vNI5"
38,BBCBreaking,Thu Aug 30 10:02:06 +0000 2018,39,-0.4588,0.185,0.556,0.259,"Unmarried NI mother wins access to widowed parent's allowance after death of her partner, in landmark court ruling https://t.co/NPn0Vj8lon"
39,BBCBreaking,Wed Aug 29 19:56:56 +0000 2018,40,-0.34,0.13,0.625,0.245,"Ex-SNP leader Alex Salmond resigns from the party amid sexual misconduct claims, which he denies https://t.co/2mxGt8ARaE"
40,BBCBreaking,Wed Aug 29 10:17:34 +0000 2018,41,-0.8689,0.11,0.394,0.496,Charity worker Nazanin Zaghari-Ratcliffe taken to prison doctors in Iran after suffering panic attacks https://t.co/9mjFsoDtUC
41,BBCBreaking,Wed Aug 29 09:28:43 +0000 2018,42,0.296,0.163,0.737,0.1,"After facing protests and slumping approval ratings, Russian President Vladimir Putin softens reforms to pensions https://t.co/YrCYRK2oC9"
42,BBCBreaking,Sun Aug 26 23:33:34 +0000 2018,43,-0.8555,0.0,0.693,0.307,"Police give death toll in shooting at Jacksonville, Florida as two, plus the gunman who killed himself at the scene https://t.co/lz5XpqA7Dj"
43,BBCBreaking,Sun Aug 26 20:35:54 +0000 2018,44,-0.296,0.0,0.872,0.128,Florida police say the only suspect in the Jacksonville shooting is deceased at the scene https://t.co/jBXsEJvGM3
44,BBCBreaking,Sun Aug 26 18:53:23 +0000 2018,45,-0.2732,0.158,0.621,0.22,"Police report fatalities in mass shooting at entertainment complex in Jacksonville, Florida https://t.co/tKF7FXMwhb"
45,BBCBreaking,Sun Aug 26 18:42:23 +0000 2018,46,0.4215,0.167,0.833,0.0,"Police in Jacksonville, Florida say are responding to a mass shooting at an entertainment complex https://t.co/iiQ1KcYL9P"
46,BBCBreaking,Sun Aug 26 14:31:14 +0000 2018,47,0.264,0.143,0.768,0.089,"Charity worker Nazanin Zaghari-Ratcliffe has not been granted extension to temporary release in Iran, husband says https://t.co/A6NODNmwyO"
47,BBCBreaking,Sun Aug 26 00:25:40 +0000 2018,48,-0.5994,0.156,0.519,0.325,"John McCain, Vietnam war hero turned senator and presidential candidate, has died aged 81 https://t.co/QKtuXtbG6P"
48,BBCBreaking,Sat Aug 25 09:29:59 +0000 2018,49,0.0,0.0,1.0,0.0,"Pope Francis lands in Ireland

Follow live reporting: https://t.co/ASSLPyq5B9 #PopeInIreland"
49,BBCBreaking,Fri Aug 24 15:15:44 +0000 2018,50,-0.7184,0.0,0.739,0.261,"US Republican senator John McCain is discontinuing treatment for an aggressive form of brain cancer, his family says https://t.co/vKpSPZfQ6T"
50,BBCBreaking,Fri Aug 24 02:56:55 +0000 2018,51,-0.0772,0.124,0.737,0.138,Scott Morrison is Australia's new PM after Malcolm Turnbull is forced out by party rivals - media reports https://t.co/50FBR7T5qd
51,BBCBreaking,Fri Aug 24 02:44:28 +0000 2018,52,0.1027,0.129,0.762,0.11,Australia loses another PM to a party coup as Malcolm Turnbull is ousted by his rivals - media reports https://t.co/HtvOWXtChD
52,BBCBreaking,Thu Aug 23 20:22:22 +0000 2018,53,-0.5994,0.0,0.83,0.17,Thomas Cook to remove all its customers from a hotel in Egypt as a precaution after the death of a British couple https://t.co/F97jQaYIjq
53,BBCBreaking,Thu Aug 23 13:24:00 +0000 2018,54,-0.5106,0.0,0.798,0.202,UK mother Nazanin Zaghari-Ratcliffe gets three days temporary release from prison in Iran https://t.co/ROTDgakNkz
54,BBCBreaking,Thu Aug 23 10:45:39 +0000 2018,55,-0.8689,0.0,0.659,0.341,"Paris incident that saw two people killed, before knifeman was shot dead by police, was ""family quarrel"" - interior… https://t.co/FwNBDRbRCC"
55,BBCBreaking,Thu Aug 23 09:53:52 +0000 2018,56,-0.8316,0.0,0.658,0.342,"Knifeman in Paris kills two and injures others, before being shot dead by police - reports 

https://t.co/JSfD9p1RI7 #Trappes"
56,BBCBreaking,Thu Aug 23 02:20:15 +0000 2018,57,0.1027,0.204,0.663,0.133,Australia's parliament is adjourned as PM Malcolm Turnbull battles a leadership challenge within his own party https://t.co/WzMWrQXTmq
57,BBCBreaking,Tue Aug 21 21:13:54 +0000 2018,58,-0.743,0.0,0.741,0.259,"Trump's former lawyer Michael Cohen pleads guilty to violating campaign finance laws, says he did so at direction o… https://t.co/7uhG4OgWCN"
58,BBCBreaking,Tue Aug 21 20:42:50 +0000 2018,59,-0.8689,0.096,0.496,0.408,"Ex-Trump campaign chief Paul Manafort guilty of tax fraud charges, jury fails to reach verdict on 10 other counts https://t.co/MGE9MXVJHP"
59,BBCBreaking,Tue Aug 21 18:06:27 +0000 2018,60,0.0,0.0,1.0,0.0,Former Trump lawyer Michael Cohen has entered into a plea deal with US federal prosecutors in New York - US media https://t.co/rsFDlL3y0e
60,BBCBreaking,Tue Aug 21 17:29:32 +0000 2018,61,0.1779,0.144,0.746,0.109,"Oscar-winning Danny Boyle will no longer direct 25th Bond film due to ""creative differences"", producers say https://t.co/aDCEisxObU"
61,BBCBreaking,Tue Aug 21 11:32:11 +0000 2018,62,-0.3612,0.055,0.822,0.123,Some 18 members of UK's Windrush generation who could have been wrongfully removed or detained to get formal apology https://t.co/IzAdAWOI6B
62,BBCBreaking,Tue Aug 21 11:02:33 +0000 2018,63,0.0,0.0,1.0,0.0,"""My involvement in the events around Hillsborough has often been misrepresented""

Sir Norman Bettison says he's bee… https://t.co/bmngLKJhsZ"
63,BBCBreaking,Tue Aug 21 09:47:46 +0000 2018,64,-0.891,0.0,0.528,0.472,"Charges are dropped against ex-police chief Sir Norman Bettison, accused of blaming fans for Hillsborough disaster https://t.co/EfY2DZyaVP"
64,BBCBreaking,Sat Aug 18 09:37:01 +0000 2018,65,0.8885,0.396,0.604,0.0,"Kofi Annan, the former UN secretary-general who won the Nobel Peace Prize for humanitarian work, dies aged 80 https://t.co/lNj6TEmNPo"
65,BBCBreaking,Fri Aug 17 14:04:14 +0000 2018,66,-0.8402,0.0,0.68,0.32,"At least 324 people die in monsoon floods in India's southern state of Kerala, the worst in a century… https://t.co/hC2AGYrMNB"
66,BBCBreaking,Fri Aug 17 12:57:57 +0000 2018,67,0.0,0.0,1.0,0.0,Former cricket star Imran Khan elected as prime minister of Pakistan in a vote at the National Assembly… https://t.co/oicoE4TKNT
67,BBCBreaking,Thu Aug 16 14:42:45 +0000 2018,68,0.0,0.0,1.0,0.0,Aretha Franklin: The 'Queen of Soul' in her own words https://t.co/MxfBq9n0Id https://t.co/rT4RAMHHti
68,BBCBreaking,Thu Aug 16 14:21:20 +0000 2018,69,0.5719,0.252,0.748,0.0,Aretha Franklin: Celebrating the life of the 'Queen of Soul' https://t.co/6EH1t1As1N https://t.co/NTX2mg6IGw
69,BBCBreaking,Thu Aug 16 14:07:50 +0000 2018,70,0.8442,0.402,0.598,0.0,"'Queen of Soul' Aretha Franklin, whose stunning voice graced hits like Respect and I Say A Little Prayer, dies aged… https://t.co/OJ5yn1WInk"
70,BBCBreaking,Thu Aug 16 12:13:20 +0000 2018,71,0.0,0.0,1.0,0.0,Three-time Indian Prime Minister AB Vajpayee dies aged 93 https://t.co/fCCnzRBUvI
71,BBCBreaking,Thu Aug 16 08:31:49 +0000 2018,72,0.0,0.0,1.0,0.0,More than one in four A-levels were graded A or A* this year - the highest proportion for six years https://t.co/QX6Vjsfr7w
72,BBCBreaking,Wed Aug 15 18:54:35 +0000 2018,73,0.0516,0.122,0.765,0.112,"President Trump revokes the security clearance of ex-CIA director John Brennan, one of his frequent critics https://t.co/xXNyrXhLOu"
73,BBCBreaking,Wed Aug 15 13:33:39 +0000 2018,74,0.0,0.0,1.0,0.0,"Sir Cliff Richard ""welcomes"" decision by BBC not to appeal against ruling over its coverage of a police raid on his… https://t.co/X8abVJtsfK"
74,BBCBreaking,Wed Aug 15 13:02:06 +0000 2018,75,0.0,0.0,1.0,0.0,The BBC will not appeal against a ruling over its coverage of a police raid at Sir Cliff Richard's home in 2014 https://t.co/b4jzZf92ah
75,BBCBreaking,Wed Aug 15 08:32:42 +0000 2018,76,0.3182,0.126,0.874,0.0,"UK inflation rate picks up to 2.5% in July, first increase since November, official figures show https://t.co/SMASwGV8wE"
76,BBCBreaking,Tue Aug 14 13:32:19 +0000 2018,77,-0.8271,0.0,0.661,0.339,"At least 22 people killed after collapse of motorway bridge in Genoa, Italian minister says

Latest:… https://t.co/sjLkK7wkXs"
77,BBCBreaking,Tue Aug 14 11:46:23 +0000 2018,78,-0.069,0.13,0.725,0.145,England cricketer Ben Stokes found not guilty of affray after fight outside Bristol nightclub https://t.co/0wyhalCFaf
78,BBCBreaking,Tue Aug 14 11:38:32 +0000 2018,79,-0.5719,0.0,0.761,0.239,"Genoa motorway bridge collapse likely to be ""immense tragedy"", Italian transport minister says, with unconfirmed re… https://t.co/1SveRUzb1Z"
79,BBCBreaking,Tue Aug 14 10:54:15 +0000 2018,80,-0.8481,0.105,0.442,0.452,"#Westminster car attack: No other suspects identified and ""no intelligence at this time"" of further danger to Londo… https://t.co/lJl8nQBQW9"
80,BBCBreaking,Tue Aug 14 10:07:42 +0000 2018,81,0.0,0.0,1.0,0.0,"Rooftop camera shows moment car crashes into barriers outside Parliament

https://t.co/CprbiGZgrg #Westminster https://t.co/0noYclQNaR"
81,BBCBreaking,Tue Aug 14 09:36:07 +0000 2018,82,-0.8481,0.0,0.521,0.479,"#Westminster car crash is being treated as terror attack, London police say

https://t.co/CprbiGZgrg"
82,BBCBreaking,Tue Aug 14 08:37:59 +0000 2018,83,-0.6705,0.0,0.784,0.216,"UK unemployment fell by 65,000 to 1.36 million in three months to June - lowest for more than 40 years, figures show https://t.co/zfUxeY4uEa"
83,BBCBreaking,Tue Aug 14 08:24:27 +0000 2018,84,-0.4215,0.071,0.761,0.168,"London #Westminster incident update:

- Man arrested after car crashes into barriers outside Parliament
- Number of… https://t.co/gKtsnfyf54"
84,BBCBreaking,Tue Aug 14 07:19:06 +0000 2018,85,0.0,0.181,0.686,0.132,"A number of pedestrians have been injured after car crashed into security barriers outside Parliament, London polic… https://t.co/y0FUgD2jL6"
85,BBCBreaking,Tue Aug 14 07:04:16 +0000 2018,86,-0.1779,0.145,0.667,0.188,Man arrested after car crashes into security barriers outside Houses of Parliament https://t.co/TNPrEKUPHM
86,BBCBreaking,Mon Aug 13 14:30:12 +0000 2018,87,-0.5719,0.0,0.793,0.207,"Dr Hadiza Bawa-Garba's case has exposed a ""raft of concerns"" around the role of criminal law in medicine, chief exe… https://t.co/XWrdrwypUJ"
87,BBCBreaking,Mon Aug 13 14:10:12 +0000 2018,88,-0.7096,0.0,0.742,0.258,"Doctor struck off over death of six-year-old Jack Adcock will be allowed to practise medicine again, UK court rules"
88,BBCBreaking,Sun Aug 12 07:37:03 +0000 2018,89,0.0,0.0,1.0,0.0,Lift off! Nasa launches the Parker Solar Probe on its mission to 'touch' the Sun https://t.co/dPxdBaG0Ic https://t.co/2Oo5TGLNFw
89,BBCBreaking,Sat Aug 11 16:36:19 +0000 2018,90,-0.93,0.0,0.537,0.463,Two men arrested in the murder investigation of a seven-year-old boy who died in a house fire in London on Tuesday https://t.co/7mrVvlJG07
90,BBCBreaking,Sat Aug 11 04:36:40 +0000 2018,91,0.0,0.0,1.0,0.0,All flights at Seattle airport are grounded after a passenger plane reportedly took off without permission https://t.co/Wv6BwdzAPI
91,BBCBreaking,Fri Aug 10 13:21:18 +0000 2018,92,-0.7717,0.0,0.621,0.379,"Canada shooting: Suspect in custody after four killed in Fredericton, New Brunswick https://t.co/3uzkeWvgQY"
92,BBCBreaking,Fri Aug 10 11:41:18 +0000 2018,93,-0.5994,0.0,0.804,0.196,"""Multiple fatalities"" in shooting in eastern Canada, police say - Fredericton residents told to stay in homes https://t.co/8EIpgxp8aI"
93,BBCBreaking,Fri Aug 10 09:05:48 +0000 2018,94,-0.25,0.087,0.777,0.136,Mike Ashley's Sports Direct agrees to buy struggling UK department store chain House of Fraser for £90m https://t.co/DZWM5fuT5o
94,BBCBreaking,Fri Aug 10 08:33:11 +0000 2018,95,0.3818,0.191,0.809,0.0,UK economic growth picks up to 0.4% between April and June https://t.co/1oMJQ64NqP
95,BBCBreaking,Fri Aug 10 06:23:14 +0000 2018,96,-0.7351,0.049,0.67,0.281,Struggling department store House of Fraser calls in administrators as investors and creditors fail to reach a deal https://t.co/uyQzu8AM3B
96,BBCBreaking,Thu Aug 09 14:49:08 +0000 2018,97,-0.296,0.0,0.905,0.095,"UK TV presenter Ant McPartlin to take break until 2019, missing next series of I'm A Celebrity &amp; Ant and Dec's Satu… https://t.co/lrEtx3xTN2"
97,BBCBreaking,Thu Aug 09 11:12:31 +0000 2018,98,0.0,0.121,0.759,0.121,Ex-UK foreign secretary Boris Johnson to be investigated by panel after complaints to Tory party over burka comments https://t.co/r027nO6hZr
98,BBCBreaking,Thu Aug 09 11:01:16 +0000 2018,99,0.0,0.0,1.0,0.0,"Two Roman Catholic schools in England ""prioritised monks and reputation over protection of children"", report says https://t.co/th3Y5wCXrV"
99,BBCBreaking,Thu Aug 09 06:21:14 +0000 2018,100,-0.296,0.139,0.672,0.189,"Indonesian island of Lombok hit by strong magnitude 5.9 earthquake, following Sunday's tremor which killed at least… https://t.co/eKSIBdDjJr"
100,CBSNews,Mon Sep 10 04:18:04 +0000 2018,1,-0.5267,0.0,0.764,0.236,"Serena Williams fined $17,000 for code violations at U.S. Open https://t.co/ynGHvQVfXZ https://t.co/yEfQ5CukGl"
101,CBSNews,Mon Sep 10 04:03:03 +0000 2018,2,0.0,0.0,1.0,0.0,Passage: Remembering Burt Reynolds https://t.co/kwYdyGUFqz https://t.co/uLOzPGwcuS
102,CBSNews,Mon Sep 10 03:54:05 +0000 2018,3,-0.6597,0.0,0.747,0.253,"Stand Up To Cancer raises record $123M in pledges from U.S., Canada https://t.co/NUlISqgm4L https://t.co/zCjPg6qpoa"
103,CBSNews,Mon Sep 10 03:48:04 +0000 2018,4,0.25,0.208,0.649,0.143,Teen accused of pushing friend off bridge appears in court https://t.co/g6yLo6LFnU https://t.co/pynS3ZlSex
104,CBSNews,Mon Sep 10 03:33:04 +0000 2018,5,0.0,0.0,1.0,0.0,Why parents opt for unusual baby names https://t.co/hr863LifHW https://t.co/zn67uTlkRp
105,CBSNews,Mon Sep 10 03:18:04 +0000 2018,6,-0.6597,0.0,0.722,0.278,Serena Williams' U.S. Open loss may be the grossest example of sports sexism yet https://t.co/0wHefVWXEi https://t.co/bwaFYU0qJe
106,CBSNews,Mon Sep 10 03:08:06 +0000 2018,7,-0.5423,0.0,0.759,0.241,Dallas officer faces manslaughter charge in fatal shooting of neighbor https://t.co/DVq053ZjxC https://t.co/3g5sq8upEY
107,CBSNews,Mon Sep 10 03:03:03 +0000 2018,8,-0.4588,0.0,0.667,0.333,Almanac: When Japan attacked Oregon https://t.co/wmErcgMy9M https://t.co/DCRNAgQcz2
108,CBSNews,Mon Sep 10 02:39:57 +0000 2018,9,0.4588,0.143,0.857,0.0,Hurricane Florence strengthens Sunday as it moved across the Atlantic toward a possible direct hit on the U.S. Sout… https://t.co/GanVirYRAA
109,CBSNews,Mon Sep 10 02:04:43 +0000 2018,10,-0.7906,0.0,0.652,0.348,"7 people, including two British tourists, have been injured in a Paris stabbing attack. The suspect was taken into… https://t.co/q00SDM9V1c"
110,CBSNews,Mon Sep 10 01:39:57 +0000 2018,11,0.4019,0.124,0.876,0.0,VP Mike Pence says he's willing to sit for an interview with special counsel Robert Mueller on @FaceTheNation Sunda… https://t.co/TIQergzgQr
111,CBSNews,Mon Sep 10 01:19:32 +0000 2018,12,0.3612,0.18,0.711,0.109,Novak Djokovic defeats Juan Martin del Potro to win the mens U.S. Open final Sunday https://t.co/QOkofn0kvW https://t.co/ITN4wDMXTw
112,CBSNews,Mon Sep 10 00:54:44 +0000 2018,13,0.0772,0.11,0.793,0.097,"Amid Moonves departure, National Amusements, Inc. confirmed that it has no plans to propose a merger of CBS and Via… https://t.co/tvWOi6RRyV"
113,CBSNews,Mon Sep 10 00:31:54 +0000 2018,14,0.4522,0.129,0.871,0.0,JUST IN: CBS and Moonves will donate $20 million to one or more organizations that support the #MeToo movement and… https://t.co/VWrunrluXN
114,CBSNews,Sun Sep 09 23:57:29 +0000 2018,15,0.4767,0.154,0.846,0.0,"BREAKING: Leslie Moonves will depart as Chairman, President and CEO of CBS Corp, effective immediately. COO Joseph… https://t.co/k8usdp1O98"
115,CBSNews,Sun Sep 09 23:39:41 +0000 2018,16,0.4588,0.188,0.812,0.0,"Paul McCartney gives ""secret concert"" at NYC's Grand Central--to a star-studded audience--promoting new album… https://t.co/TWsBhID6aB"
116,CBSNews,Sun Sep 09 23:20:00 +0000 2018,17,0.4404,0.139,0.861,0.0,Colin Kaepernick thanks the 2 Miami Dolphins players who knelt during the national anthem at the NFL's opening Sund… https://t.co/WfDMcTXX8J
117,CBSNews,Sun Sep 09 23:03:05 +0000 2018,18,0.7964,0.504,0.496,0.0,9/11 heroes honored with wind chime memorial https://t.co/zyIkMB2L1I https://t.co/CdMdK54PN8
118,CBSNews,Sun Sep 09 23:00:40 +0000 2018,19,0.4404,0.132,0.868,0.0,"""People better wake up to what's going on"": Reporter Bob Woodward speaks with @CBSSunday  in first TV interview abo… https://t.co/74Wd2gzG8G"
119,CBSNews,Sun Sep 09 22:30:24 +0000 2018,20,0.0,0.0,1.0,0.0,"Tropical Storm Isaac forms, one of three storms churning in Atlantic https://t.co/4fYlMauAyT https://t.co/u1LJlDA0mk"
120,CBSNews,Sun Sep 09 22:09:39 +0000 2018,21,0.0,0.0,1.0,0.0,"Leslie Moonves' separation package now consists of $80 million, all of it in stock. It would all go into escrow pen… https://t.co/Y8uN51VLhq"
121,CBSNews,Sun Sep 09 21:49:33 +0000 2018,22,0.0,0.0,1.0,0.0,Sen. Mark Warner: Senate Intel likely won't release Russia report before midterms https://t.co/LffUPTN8kr https://t.co/PJRUJSxEWv
122,CBSNews,Sun Sep 09 21:29:37 +0000 2018,23,0.0,0.0,1.0,0.0,"DNC Chair Tom Perez says ""democracy is on the ballot"" for 2018 midterms https://t.co/bnPksB0zQq https://t.co/HYPjDN56Kq"
123,CBSNews,Sun Sep 09 21:10:24 +0000 2018,24,-0.5106,0.0,0.852,0.148,Vladimir Putin tried to cast his vote for the mayor of Moscow Sunday — and a voting machine rejected his ballot.… https://t.co/jpH77JFy2j
124,CBSNews,Sun Sep 09 20:49:30 +0000 2018,25,-0.6597,0.0,0.735,0.265,Serena Williams' U.S. Open loss Saturday night may be the grossest example of sports sexism yet… https://t.co/PYDYlsetfH
125,CBSNews,Sun Sep 09 20:35:48 +0000 2018,26,0.5267,0.145,0.855,0.0,How does star Argentine polo player Adolfo Cambiaso keep winning with the same horse? He’s cloned her 14 times. 60… https://t.co/rMdp3Atwwy
126,CBSNews,Sun Sep 09 19:49:47 +0000 2018,27,-0.8548,0.0,0.561,0.439,Six more women accuse CBS CEO Leslie Moonves of sexual assault or harassment https://t.co/AATLmI1qvQ https://t.co/n0pyyJUDdH
127,CBSNews,Sun Sep 09 19:34:48 +0000 2018,28,0.0,0.0,1.0,0.0,There are numerous reports that CBS CEO Leslie Moonves will be stepping down in the next 24 hours. According to sou… https://t.co/HwVHWA7R5N
128,CBSNews,Sun Sep 09 19:19:49 +0000 2018,29,-0.1531,0.0,0.914,0.086,"As Hurricane Florence looms, South Carolina Gov. Henry McMaster tells citizens: ""Pretend, presume and assume that a… https://t.co/AC1vfZx4W9"
129,CBSNews,Sun Sep 09 18:59:41 +0000 2018,30,0.4404,0.139,0.861,0.0,"""People better wake up to what's going on"": Bob Woodward tells @CBSThisMorning   what he concluded after covering t… https://t.co/5suPQsrqWe"
130,CBSNews,Sun Sep 09 18:19:32 +0000 2018,31,-0.34,0.0,0.854,0.146,North Korea's 70th anniversary military parade avoided any mention of the country's nuclear weapons… https://t.co/3wjsUtgPR9
131,CBSNews,Sun Sep 09 18:00:01 +0000 2018,32,-0.6908,0.0,0.737,0.263,"Before the first full slate of NFL games, President Trump renewed his Twitter attacks on protesting players… https://t.co/XRY6n3NguB"
132,CBSNews,Sun Sep 09 17:39:30 +0000 2018,33,-0.2732,0.0,0.896,0.104,"The U.S. Open's fines against Serena Williams: $3,000 for breaking her racket. $4,000 for being warned for coaching… https://t.co/5ME1tqE06r"
133,CBSNews,Sun Sep 09 17:19:52 +0000 2018,34,-0.7269,0.0,0.724,0.276,A New York City subway station destroyed in the 9/11 attacks reopened this weekend nearly 17 years later… https://t.co/hZTapL6iXZ
134,CBSNews,Sun Sep 09 17:00:00 +0000 2018,35,-0.34,0.0,0.888,0.112,BURNING UP: California's firefighting agency says it's running out of money just as the official fire season has be… https://t.co/eUARIjI4UY
135,CBSNews,Sun Sep 09 16:39:36 +0000 2018,36,-0.8316,0.0,0.658,0.342,Three arrested in connection with double murder of small town North Carolina mayor and wife https://t.co/q4OkeXlDX8 https://t.co/iPNX2bRGdc
136,CBSNews,Sun Sep 09 16:19:31 +0000 2018,37,-0.3818,0.0,0.88,0.12,Tropical Storm Florence has now turned into a hurricane and could slam the Southeast by the end of the week… https://t.co/pCYAiWxLcp
137,CBSNews,Sun Sep 09 16:00:01 +0000 2018,38,0.6486,0.256,0.685,0.059,"Teen faces up to a year in jail for allegedly pushing friend off a bridge, giving her serious injuries… https://t.co/yygmfa6DOv"
138,CBSNews,Sun Sep 09 15:31:50 +0000 2018,39,0.0,0.0,1.0,0.0,"RNC Chair Ronna Romney McDaniel on the party's preparations for the midterms: ""Candidates who think that they're in… https://t.co/ZGBEoqzZJG"
139,CBSNews,Sun Sep 09 15:18:38 +0000 2018,40,0.0,0.0,1.0,0.0,"DNC Chair Tom Perez talks to @FaceTheNation about the midterm elections: ""Our democracy is on the ballot, because t… https://t.co/SYIMUs7si5"
140,CBSNews,Sun Sep 09 15:09:05 +0000 2018,41,-0.25,0.121,0.714,0.165,"Sen. Mark Warner on @FaceTheNation: ""This is clearly a White House that's in chaos and a president that's becoming… https://t.co/kyI2sTfYZx"
141,CBSNews,Sun Sep 09 15:03:10 +0000 2018,42,0.0,0.0,1.0,0.0,"Sen. Mark Warner tells @FaceTheNation about the Mueller investigation: ""The fact that Vice President Pence is coope… https://t.co/ljlVDmddUT"
142,CBSNews,Sun Sep 09 14:59:44 +0000 2018,43,-0.3818,0.106,0.707,0.187,Woman and toddler drown in north Texas flash flooding after passing vehicles create waves https://t.co/7zSF1u5TIP https://t.co/j4khcizHrC
143,CBSNews,Sun Sep 09 14:59:00 +0000 2018,44,0.0,0.0,1.0,0.0,Did Pence ask his staff if any of them wrote the anonymous op-ed about the Trump administration? He tells… https://t.co/skAubo5ASz
144,CBSNews,Sun Sep 09 14:53:59 +0000 2018,45,0.5574,0.153,0.847,0.0,Does Pence think he'll need to cast the deciding vote to get Brett Kavanaugh on the Supreme Court? He tells… https://t.co/s2ECVcFkeY
145,CBSNews,Sun Sep 09 14:50:45 +0000 2018,46,0.2144,0.089,0.911,0.0,"Pence tells @FaceTheNation that Special Counsel Robert Mueller hasn't asked him for an interview, but he is ""more t… https://t.co/Ku8vJhctAf"
146,CBSNews,Sun Sep 09 14:45:46 +0000 2018,47,-0.128,0.0,0.923,0.077,"Pence on @FaceTheNation: ""Working in the White House is not for everybody. This president is tough. He's demanding.… https://t.co/wSX7JvcYPZ"
147,CBSNews,Sun Sep 09 14:42:01 +0000 2018,48,-0.4767,0.0,0.853,0.147,"Pence tells @FaceTheNation about Bob Woodward's book ""Fear"": ""The only thing that's wrong about that narrative is e… https://t.co/x6bdecCB0A"
148,CBSNews,Sun Sep 09 14:39:43 +0000 2018,49,0.4404,0.132,0.868,0.0,"In the first TV interview about his upcoming book ""Fear,"" Bob Woodward tells @CBSSunday that ""people better wake up… https://t.co/w74N8f0oIH"
149,CBSNews,Sun Sep 09 14:39:24 +0000 2018,50,-0.34,0.0,0.87,0.13,Vice President Mike Pence tells @FaceTheNation he believes the Trump administration officials denying they wrote th… https://t.co/agkEZW9SdI
150,CBSNews,Sun Sep 09 14:35:01 +0000 2018,51,0.0,0.0,1.0,0.0,"WATCH NOW: This week's @FaceTheNation, featuring interviews with Vice President Mike Pence, Sen. Mark Warner, RNC C… https://t.co/S7dqcabqjv"
151,CBSNews,Sun Sep 09 14:19:44 +0000 2018,52,0.0,0.0,1.0,0.0,One woman's Confederate flag stoked divisions in her South Carolina neighborhood. But then the flag came down — and… https://t.co/6GE0j0YPCH
152,CBSNews,Sun Sep 09 13:59:51 +0000 2018,53,0.4019,0.13,0.87,0.0,Vice President Mike Pence tells @FaceTheNation he would sit for an interview with Special Counsel Robert Mueller an… https://t.co/zdExiTCFF6
153,CBSNews,Sun Sep 09 13:39:47 +0000 2018,54,-0.6705,0.0,0.824,0.176,Dallas police identify Amber Guyger as the officer who killed a man in his own home; won't say if she's in custody… https://t.co/E4KsgKqdAT
154,CBSNews,Sun Sep 09 13:25:49 +0000 2018,55,0.0,0.0,1.0,0.0,RT @FaceTheNation: The @VP tells @margbrennan that he believes the denials of @realDonaldTrump's administration officials who said they did…
155,CBSNews,Sun Sep 09 13:19:55 +0000 2018,56,0.701,0.244,0.756,0.0,"""She left a little sparkle everywhere she went"": This year's New York Fashion Week includes honors for the late des… https://t.co/PjV6rCxA2z"
156,CBSNews,Sun Sep 09 13:03:04 +0000 2018,57,0.0,0.0,1.0,0.0,"Burt Reynolds' final projects: ""Defining Moments,"" planned role in Quentin Tarantino film https://t.co/QyHpTbk5yL https://t.co/Rz2RXNx9tW"
157,CBSNews,Sun Sep 09 12:48:04 +0000 2018,58,-0.4767,0.0,0.829,0.171,"Debra Van Horn, former trainer who worked with Larry Nassar, arrested at Texas airport https://t.co/SxUR00M6t7 https://t.co/FitPhoyehE"
158,CBSNews,Sun Sep 09 12:33:04 +0000 2018,59,0.4767,0.22,0.78,0.0,Thomas &amp; Friends' makeover includes two new female main characters https://t.co/XOG9Z8QCaG https://t.co/3CqEkSYj5b
159,CBSNews,Sun Sep 09 12:18:02 +0000 2018,60,-0.5719,0.0,0.63,0.37,"""The Predator"" cuts scene with registered sex offender https://t.co/fgDytopcOJ https://t.co/3s9JP4JNJC"
160,CBSNews,Sun Sep 09 12:03:03 +0000 2018,61,-0.4019,0.0,0.816,0.184,Fights over teacher salaries and working conditions escalate along West Coast https://t.co/iYAgqjRKQs https://t.co/vywnYPbCUe
161,CBSNews,Sun Sep 09 11:48:03 +0000 2018,62,0.0,0.0,1.0,0.0,Crohn's disease patients test experimental stem cell treatment https://t.co/3uH0ygzTgC https://t.co/08xdIDjuDc
162,CBSNews,Sun Sep 09 11:33:03 +0000 2018,63,0.0,0.0,1.0,0.0,Major California highway will remain closed amid wildfire https://t.co/4eKmczebfJ https://t.co/RxDmBPrQsR
163,CBSNews,Sun Sep 09 11:18:03 +0000 2018,64,-0.1779,0.127,0.692,0.181,"Curious but defiant, Italians react to country's first Starbucks https://t.co/K7XXhk5Lle https://t.co/3KQBzaFhMf"
164,CBSNews,Sun Sep 09 11:03:04 +0000 2018,65,-0.296,0.0,0.804,0.196,2006 letter confirms Vatican received complaint about ex-cardinal https://t.co/um8WOwuGVp https://t.co/PkD6RijUbu
165,CBSNews,Sun Sep 09 10:48:03 +0000 2018,66,0.0341,0.15,0.708,0.142,Man accused of dining and dashing on dates pleads not guilty https://t.co/O4dmJZioYI https://t.co/BG02ec8ZNU
166,CBSNews,Sun Sep 09 10:33:03 +0000 2018,67,-0.5267,0.0,0.714,0.286,George Papadopoulos sentenced to 14 days in prison in Russia probe https://t.co/3eyjs89kiZ https://t.co/mQYj2uS9k7
167,CBSNews,Sun Sep 09 10:18:03 +0000 2018,68,-0.7579,0.095,0.447,0.458,"Woman mistakes dynamite for candle, suffers severe injuries, police say https://t.co/njvvGUxy5Q https://t.co/glAz8vclKL"
168,CBSNews,Sun Sep 09 10:03:03 +0000 2018,69,0.0,0.0,1.0,0.0,What it takes to be middle class in America https://t.co/jnaXJIA5df https://t.co/iBZrXfqFyY
169,CBSNews,Sun Sep 09 09:48:04 +0000 2018,70,0.0,0.0,1.0,0.0,Apple removes Alex Jones' InfoWars from App Store https://t.co/x7AHgRkjrG https://t.co/eGIFzMtjT9
170,CBSNews,Sun Sep 09 09:33:04 +0000 2018,71,0.0,0.0,1.0,0.0,North Korea's upcoming military parade could give clues about nuclear agenda https://t.co/PQWBl5BuE8 https://t.co/T4jin4ejQc
171,CBSNews,Sun Sep 09 09:18:05 +0000 2018,72,0.0,0.0,1.0,0.0,"Trump wants Jeff Sessions to investigate author of ""unfair"" op-ed https://t.co/0tIeMVV1T2 https://t.co/jX0l04WkkD"
172,CBSNews,Sun Sep 09 09:03:05 +0000 2018,73,-0.3182,0.0,0.839,0.161,"GoFundMe: Homeless veteran to get balance of $400,000 amid defrauding accusations https://t.co/qARoF1fOzH https://t.co/KiRE0kOLth"
173,CBSNews,Sun Sep 09 08:48:03 +0000 2018,74,-0.3818,0.118,0.674,0.208,"""God must hate me"": Post Malone’s Rolls-Royce T-boned weeks after plane incident https://t.co/1gk7cn8vuR https://t.co/sCBbCjfLds"
174,CBSNews,Sun Sep 09 08:33:04 +0000 2018,75,-0.25,0.0,0.846,0.154,College drops uniforms featuring Nike logo to protest Kaepernick ad https://t.co/Lk59qwbJLQ https://t.co/jWyhHmhERy
175,CBSNews,Sun Sep 09 08:18:03 +0000 2018,76,-0.5994,0.0,0.769,0.231,Teen falls to death in Yosemite National Park while reportedly taking selfie https://t.co/liiClc1EDE https://t.co/a7vj4UMOY3
176,CBSNews,Sun Sep 09 08:03:04 +0000 2018,77,0.8074,0.448,0.552,0.0,"Female scientist finally honored for ""breakthrough"" donates $3M award https://t.co/S7eSFFeVzv https://t.co/MpZulwInY2"
177,CBSNews,Sun Sep 09 07:48:04 +0000 2018,78,0.0,0.0,1.0,0.0,"How a Confederate flag tore a neighborhood apart, before it came together https://t.co/HoIfhLYNWM https://t.co/qRByA6zBBB"
178,CBSNews,Sun Sep 09 07:33:03 +0000 2018,79,-0.7033,0.0,0.673,0.327,Probiotics may not be that helpful – and could actually do some harm https://t.co/EPD9z0wi1p https://t.co/Krj6cuNwdx
179,CBSNews,Sun Sep 09 07:18:04 +0000 2018,80,-0.8555,0.0,0.58,0.42,"Katyusha rockets fired at Basra airport in Iraq after violent night of protests, official says… https://t.co/9Cr9j4Y2OD"
180,CBSNews,Sun Sep 09 07:03:05 +0000 2018,81,-0.4767,0.0,0.807,0.193,NYC subway station at site of 9/11 attack reopens after nearly 2 decades https://t.co/zjdqu92RG5 https://t.co/cMRvR83Ogd
181,CBSNews,Sun Sep 09 06:48:04 +0000 2018,82,-0.34,0.0,0.87,0.13,"Stephen Colbert urges Trump to flee the White House, criticizes New York Times op-ed writer https://t.co/qfZc4bdRd6 https://t.co/Fkg92NvoeX"
182,CBSNews,Sun Sep 09 06:33:04 +0000 2018,83,0.6249,0.291,0.709,0.0,"Inventor tries to conquer the ""Great Pacific Garbage Patch"" https://t.co/0P3RJT7HcR https://t.co/Hzg4PE8X62"
183,CBSNews,Sun Sep 09 06:18:03 +0000 2018,84,0.0772,0.145,0.725,0.13,"Woman regrets sharing photos of ""Cosby Show"" star Geoffrey Owens working at grocery store https://t.co/3Gi62h6r2g https://t.co/fA9LVLb3NQ"
184,CBSNews,Sun Sep 09 06:03:06 +0000 2018,85,0.3182,0.133,0.867,0.0,Cubs fan with Down syndrome will sing anthem at Wrigley after meeting fundraising goal https://t.co/oIwUZVBgS8 https://t.co/NrFwI8PROP
185,CBSNews,Sun Sep 09 05:48:04 +0000 2018,86,-0.4019,0.0,0.787,0.213,Nearly every element in Trump's trouble has a Watergate parallel https://t.co/ZgtygYHWku https://t.co/BYoIOMsmKP
186,CBSNews,Sun Sep 09 05:33:03 +0000 2018,87,-0.5994,0.0,0.719,0.281,"Nevada jail death: Guards disobeyed department policies, documents show https://t.co/xWZd1N2fII https://t.co/tCKDSmkbhF"
187,CBSNews,Sun Sep 09 05:18:04 +0000 2018,88,-0.4215,0.0,0.843,0.157,Police detain black teen riding with his white grandmother after reports of robbery attempt https://t.co/qTwPZO8sqI https://t.co/5BSkWs2UEl
188,CBSNews,Sun Sep 09 05:03:03 +0000 2018,89,0.0,0.0,1.0,0.0,"""Obamacare"" insurance plans show only modest premium hikes https://t.co/jrnSmz2Ijj https://t.co/ppgfWgARCE"
189,CBSNews,Sun Sep 09 04:48:03 +0000 2018,90,-0.5719,0.066,0.718,0.215,Egypt court sentences 75 to death and 47 to life over 2013 sit-in https://t.co/xigAuLoTSE https://t.co/KrZAcyEGwC
190,CBSNews,Sun Sep 09 04:33:03 +0000 2018,91,-0.34,0.0,0.806,0.194,"Cincinnati shooter's gun jammed during four-minute rampage, police say https://t.co/DpOxgixWPL https://t.co/uVwIKLueNI"
191,CBSNews,Sun Sep 09 04:18:03 +0000 2018,92,-0.6808,0.0,0.616,0.384,"U.S. woman, son fighting for lives after giraffe attack https://t.co/kkzbyizijn https://t.co/FgxYBGWgOX"
192,CBSNews,Sun Sep 09 04:10:07 +0000 2018,93,0.0,0.0,1.0,0.0,"Tropical Storm Isaac forms, one of three storms churning in Atlantic https://t.co/BZQ08xSyQ9 https://t.co/ioqeznrxc8"
193,CBSNews,Sun Sep 09 04:03:06 +0000 2018,94,0.5267,0.355,0.645,0.0,Far-right poised for big gains in Swedish election https://t.co/IHMsOhEbRe https://t.co/7kbsvPpxaz
194,CBSNews,Sun Sep 09 03:48:04 +0000 2018,95,0.4019,0.197,0.803,0.0,OxyContin maker gets patent for drug to treat opioid addiction https://t.co/wgtNEE1ESU https://t.co/XilH5UrFQh
195,CBSNews,Sun Sep 09 03:33:03 +0000 2018,96,0.2732,0.175,0.71,0.115,Company set up by Michael Cohen offers to drop Stormy Daniels’ hush-money agreement https://t.co/Gi0XIpLLr0 https://t.co/1DlLFZs4O3
196,CBSNews,Sun Sep 09 03:18:04 +0000 2018,97,0.0,0.0,1.0,0.0,Florence expected to become a hurricane as it approaches East Coast https://t.co/8gGdYoOoBQ https://t.co/tUk7tpl4nw
197,CBSNews,Sun Sep 09 03:03:04 +0000 2018,98,0.0,0.0,1.0,0.0,"U.S., U.K. authorities to work more closely on ending female genital mutilation https://t.co/W1kpar1Ge6 https://t.co/ZtigFB324U"
198,CBSNews,Sun Sep 09 03:00:30 +0000 2018,99,0.5106,0.202,0.798,0.0,"Kate Spade, the company, honors namesake founder at New York Fashion Week https://t.co/H8HJqd77Mc https://t.co/ggjeOgWQpP"
199,CBSNews,Sun Sep 09 02:48:05 +0000 2018,100,0.0,0.0,1.0,0.0,"Obama says Trump is ""a symptom, not the cause"" of division https://t.co/CuHneuFVBK https://t.co/oPIcuL0RNX"
200,CNN,Mon Sep 10 04:00:13 +0000 2018,1,0.6697,0.256,0.744,0.0,"Schools in the United States now have more security guards than social workers, according to a new study… https://t.co/GTbQbAw7V2"
201,CNN,Mon Sep 10 04:00:12 +0000 2018,2,-0.7506,0.0,0.556,0.444,Two Palestinian teenagers killed in latest Gaza protests https://t.co/3JObfft4DN https://t.co/CtbsDIAKRV
202,CNN,Mon Sep 10 03:45:02 +0000 2018,3,-0.296,0.0,0.891,0.109,Off-duty officer Amber Guyger shot Botham Shem Jean after mistakenly entering his apartment at the complex where sh… https://t.co/tSfes1LTow
203,CNN,Mon Sep 10 03:30:07 +0000 2018,4,0.5423,0.289,0.578,0.133,"Serena Williams is being punished for speaking her truth, writes David Love for @CNNOpinion https://t.co/UYTS3lcbNq https://t.co/HHKbvu8Yvs"
204,CNN,Mon Sep 10 03:15:03 +0000 2018,5,0.4019,0.184,0.816,0.0,Here's what you need to know to start your week smart https://t.co/IqNkEiVU8h https://t.co/zKQpHoDmiD
205,CNN,Mon Sep 10 03:00:08 +0000 2018,6,-0.6249,0.0,0.785,0.215,"With President Trump in crisis, Vice President Mike Pence waits in his shadow https://t.co/QKlilp2UQ9 (via… https://t.co/HToxT1S5D4"
206,CNN,Mon Sep 10 02:45:06 +0000 2018,7,-0.3612,0.0,0.872,0.128,British former Foreign Secretary Boris Johnson is being criticized after comments he wrote in a British newspaper t… https://t.co/x0tfqGS0fq
207,CNN,Mon Sep 10 02:30:07 +0000 2018,8,0.0,0.0,1.0,0.0,Iowa Democrats announce Sen. Cory Booker as keynote speaker for fall gala https://t.co/cRrQkZ6tgf https://t.co/gFzomMTMfa
208,CNN,Mon Sep 10 02:15:07 +0000 2018,9,-0.4404,0.0,0.868,0.132,New York Gov. Andrew Cuomo has denied any prior knowledge of a mailing sent by state Democrats suggesting his prima… https://t.co/UXQ6yoxCGO
209,CNN,Mon Sep 10 02:00:12 +0000 2018,10,0.5859,0.183,0.817,0.0,She ditched the homecoming crown for a helmet then went out and kicked her team to a win https://t.co/ZdtSIS6sY3 https://t.co/ARKCbZTDdj
210,CNN,Mon Sep 10 01:45:05 +0000 2018,11,0.6808,0.359,0.521,0.12,Disciples and doubters celebrate legend of Bigfoot at North Carolina festival https://t.co/IFwGjgztJe https://t.co/5gjm0jykbW
211,CNN,Mon Sep 10 01:32:21 +0000 2018,12,0.0,0.0,1.0,0.0,"Jack Ma is stepping down as Alibaba's executive chairman next year, the company has announced https://t.co/JMtbBslGQv"
212,CNN,Mon Sep 10 01:30:11 +0000 2018,13,0.0,0.0,1.0,0.0,New York City subway station reopens for the first time since 9/11 https://t.co/qv1KO5OxCj https://t.co/8FxSXVVI7p
213,CNN,Mon Sep 10 01:15:07 +0000 2018,14,-0.4767,0.0,0.807,0.193,"I was arrested for what I believe in, writes actress Piper Perabo for @CNNOpinion https://t.co/zZctv4nOAO https://t.co/XNMB2dxCRz"
214,CNN,Mon Sep 10 01:00:17 +0000 2018,15,-0.2263,0.0,0.894,0.106,"President Trump seeks to move past Stormy Daniels lawsuit, says 2016 deal was never valid https://t.co/IjLxrtaSmF https://t.co/2UjJtd7nzI"
215,CNN,Mon Sep 10 00:45:04 +0000 2018,16,0.128,0.151,0.717,0.133,The first world is divided into two types of people: those who love cruises and those who hate cruises. I'd always… https://t.co/lhquegHTT2
216,CNN,Mon Sep 10 00:30:13 +0000 2018,17,0.0,0.0,1.0,0.0,"Blue bird from ""Rio"" movie now extinct in the wild https://t.co/L8L2p61jaL https://t.co/nXruciRrhq"
217,CNN,Mon Sep 10 00:15:08 +0000 2018,18,-0.4019,0.0,0.891,0.109,"For months, this boy was kept at a shelter full of strangers as his mom was detained across the country. Hear in hi… https://t.co/jrGXflszNw"
218,CNN,Mon Sep 10 00:00:06 +0000 2018,19,0.0,0.0,1.0,0.0,Why Serena Williams is calling out sexism in tennis https://t.co/utVzVR003i https://t.co/VfaO5JR1Zj
219,CNN,Sun Sep 09 23:49:07 +0000 2018,20,-0.25,0.0,0.889,0.111,"CBS chief executive Les Moonves has resigned amid a flurry of sexual misconduct allegations, ending a 20-year tenur… https://t.co/FlIEGmMvEm"
220,CNN,Sun Sep 09 23:45:11 +0000 2018,21,0.0,0.0,1.0,0.0,How Jack Ma went from English teacher to tech billionaire https://t.co/9BjkjsA9bU https://t.co/BVYHIiampl
221,CNN,Sun Sep 09 23:30:08 +0000 2018,22,0.5267,0.139,0.861,0.0,Ben Maher sealed the 2018 Longines Global Champions Tour title by racing to his third victory of the season in Rome… https://t.co/9xGAfbvPnX
222,CNN,Sun Sep 09 23:15:06 +0000 2018,23,0.0,0.0,1.0,0.0,Far right's surge in Swedish election may end one of Europe's last left-wing governments https://t.co/l1GmM7efww https://t.co/nHuKcqWVyO
223,CNN,Sun Sep 09 23:00:06 +0000 2018,24,-0.5945,0.0,0.693,0.307,"More than 800 detained in protests in Russia, monitoring group says https://t.co/FI55y0Qeov https://t.co/H83U5lhKPV"
224,CNN,Sun Sep 09 22:45:04 +0000 2018,25,-0.1877,0.0,0.912,0.088,Democrats still have a narrow path to the Senate majority despite a map that favors Republicans and includes 10 Dem… https://t.co/wkRie6owIN
225,CNN,Sun Sep 09 22:30:08 +0000 2018,26,0.0,0.0,1.0,0.0,Two Miami Dolphins players kneel during National Anthem https://t.co/NSbsz1gUa3 https://t.co/gOTUwzXBDj
226,CNN,Sun Sep 09 22:15:08 +0000 2018,27,0.0,0.0,1.0,0.0,Apple's iPhone is the MVP of the stock market https://t.co/KwJS5BLQpK https://t.co/baHZ3W5kNa
227,CNN,Sun Sep 09 22:15:00 +0000 2018,28,0.0,0.0,1.0,0.0,Former Secretary of State John Kerry says President Trump's decision to pull out of the Iran nuclear deal earlier t… https://t.co/isl2v5uOG1
228,CNN,Sun Sep 09 22:00:11 +0000 2018,29,0.0,0.0,1.0,0.0,Ford tells President Trump why it won't make China-built car in US https://t.co/DYiYrmYI7d https://t.co/veSYdndQHc
229,CNN,Sun Sep 09 21:45:06 +0000 2018,30,0.0,0.0,1.0,0.0,Vice President Mike Pence says he hasn't discussed invoking the 25th Amendment to remove President Trump from offic… https://t.co/GTF17jYO65
230,CNN,Sun Sep 09 21:30:07 +0000 2018,31,0.0,0.0,1.0,0.0,Emmys make history as black actors sweep guest star categories https://t.co/UDCKcaUdlf https://t.co/Hkl8ieQsFe
231,CNN,Sun Sep 09 21:15:00 +0000 2018,32,0.0,0.0,1.0,0.0,"Kellyanne Conway, senior counselor to President Trump, says the author of an anonymous New York Times op-ed lambast… https://t.co/QFLaZTRfvR"
232,CNN,Sun Sep 09 21:00:01 +0000 2018,33,0.0,0.0,1.0,0.0,Democratic Sen. Mark Warner says he doesn't believe George Papadopoulos' claim that he doesn't remember telling Tru… https://t.co/RHPno76rkC
233,CNN,Sun Sep 09 20:45:06 +0000 2018,34,0.4215,0.16,0.84,0.0,"""They want us to be just like California, right down to tofu and silicon and dyed hair."" Texas Republican Sen. Ted… https://t.co/uE1zINCQlI"
234,CNN,Sun Sep 09 20:30:06 +0000 2018,35,-0.2263,0.0,0.894,0.106,"President Trump will provide written responses to questions in a defamation lawsuit brought by Summer Zervos, a for… https://t.co/OWNsRN3EsO"
235,CNN,Sun Sep 09 20:15:09 +0000 2018,36,-0.6908,0.0,0.678,0.322,"Serena Williams is fined $17,000 for violations during her US Open loss https://t.co/BeOmCDJp4l https://t.co/YPJybBK4XK"
236,CNN,Sun Sep 09 20:00:05 +0000 2018,37,0.4019,0.213,0.787,0.0,Far-right party with neo-Nazi roots surges in Swedish vote https://t.co/pbz5Mmw2Sf https://t.co/zbiA7Tj85E
237,CNN,Sun Sep 09 19:45:09 +0000 2018,38,0.7783,0.286,0.714,0.0,She’s called the “Notorious RBG” for a reason. See why fans are inspired and enthralled with Supreme Court Justice… https://t.co/3eY0R1gEqy
238,CNN,Sun Sep 09 19:30:13 +0000 2018,39,0.0,0.0,1.0,0.0,Hundreds of Roman gold coins found in basement of old theater https://t.co/SFz85mhHdx https://t.co/otkdixpSgl
239,CNN,Sun Sep 09 19:15:06 +0000 2018,40,-0.6204,0.0,0.747,0.253,"Brazil's democracy is quite literally under assault, writes Samantha Vinograd for @CNNOpinion… https://t.co/okeLjNqPQU"
240,CNN,Sun Sep 09 19:01:35 +0000 2018,41,-0.6597,0.104,0.63,0.267,John Bunn was wrongfully convicted of murder as a teenager and exonerated after 27 years of fighting for his freedo… https://t.co/dBodPJ2IRg
241,CNN,Sun Sep 09 18:45:06 +0000 2018,42,0.0,0.0,1.0,0.0,"Longtime CBS chief executive Les Moonves, facing new claims of sexual misconduct, will step down as part of a wide-… https://t.co/9ZrRHiFGgP"
242,CNN,Sun Sep 09 18:30:11 +0000 2018,43,0.8689,0.435,0.565,0.0,"Combating corruption is about ensuring peace and security, Nikki Haley, US ambassador to the United Nations, writes… https://t.co/Ek3QKd2nOu"
243,CNN,Sun Sep 09 18:15:36 +0000 2018,44,-0.5859,0.0,0.73,0.27,"CNN's Julia Chatterley discusses emerging market risk, trade tensions and her new show https://t.co/pVRLFwZdIM https://t.co/t9WSgt1Xgr"
244,CNN,Sun Sep 09 18:04:01 +0000 2018,45,0.0,0.0,1.0,0.0,A Washington deacon has joined the cadre of Catholics who say Cardinal Donald Wuerl should step down amid criticism… https://t.co/xo8ynh7C3d
245,CNN,Sun Sep 09 17:50:32 +0000 2018,46,0.2023,0.114,0.886,0.0,Not even New York Times' top news editor knows who wrote anonymous op-ed https://t.co/I98TZAGReg https://t.co/mfiotGFIO0
246,CNN,Sun Sep 09 17:30:11 +0000 2018,47,-0.3818,0.0,0.809,0.191,"Florence upgraded to hurricane, could threaten East Coast this week https://t.co/976bxZN55j https://t.co/U9Nigf0L6F"
247,CNN,Sun Sep 09 17:15:07 +0000 2018,48,-0.4588,0.0,0.864,0.136,A pair of baby brothers are now thriving after being attacked with a knife and scissors. Here's a look at their rem… https://t.co/3qhCgC8cd3
248,CNN,Sun Sep 09 17:00:13 +0000 2018,49,0.4215,0.203,0.797,0.0,The decline in virus sample sharing isn't just about China https://t.co/paVzaFNY2g https://t.co/vIsWvantUq
249,CNN,Sun Sep 09 16:45:09 +0000 2018,50,-0.8225,0.0,0.612,0.388,Dallas police identify officer who went to wrong apartment and killed a man https://t.co/IIReCcD6yY https://t.co/ol4V4kzasA
250,CNN,Sun Sep 09 16:30:04 +0000 2018,51,-0.9201,0.0,0.518,0.482,"The war in Afghanistan has a new, cruel and senseless face: the killing of journalists https://t.co/DDVaFEZCtp https://t.co/gBiHp9lwmq"
251,CNN,Sun Sep 09 16:15:07 +0000 2018,52,-0.5994,0.0,0.738,0.262,Death toll in Japan earthquake rises to at least 37 https://t.co/iVe5mgaibf https://t.co/zV2210Kz9E
252,CNN,Sun Sep 09 16:00:02 +0000 2018,53,0.0,0.0,1.0,0.0,"""Plaid shirt guy"" dared to question President Trump https://t.co/F7VW0XhbSq (via @CNNOpinion) https://t.co/lHhPnaIA0E"
253,CNN,Sun Sep 09 15:48:53 +0000 2018,54,0.0,0.0,1.0,0.0,"Sen. Ben Sasse says he thinks about leaving the GOP ""every morning"" https://t.co/HXezAAkpDT https://t.co/BMSUCFrkqw"
254,CNN,Sun Sep 09 15:01:00 +0000 2018,55,-0.4767,0.0,0.86,0.14,An American Airlines flight was diverted due to poor weather conditions so the pilot ordered 40 pizzas and hand-del… https://t.co/CqkF4FmeDP
255,CNN,Sun Sep 09 14:30:13 +0000 2018,56,0.5859,0.167,0.833,0.0,Travelers seeking amazing views rarely head underground. But a new hotel in China is set to open soon inside a form… https://t.co/ykViTOrwkY
256,CNN,Sun Sep 09 14:21:18 +0000 2018,57,0.6369,0.208,0.792,0.0,"The ""greatest course correction"" for President Trump's behavior is the midterm elections, former Secretary of State… https://t.co/M6PGGjB4XH"
257,CNN,Sun Sep 09 14:01:03 +0000 2018,58,0.34,0.167,0.833,0.0,"Airport security trays carry more germs than toilets, a new study finds https://t.co/Ej1WCyNYcO https://t.co/LKsDqMCKu6"
258,CNN,Sun Sep 09 13:30:00 +0000 2018,59,-0.1027,0.0,0.938,0.062,"When she first cast a ballot in a presidential election, she ""had to pay to vote because of the color of my skin.""… https://t.co/4acZQLFJGW"
259,CNN,Sun Sep 09 13:28:17 +0000 2018,60,0.4019,0.13,0.87,0.0,"GOP Sen. Ben Sasse slams partisanship, says he regularly considers leaving his party and becoming an independent: ""… https://t.co/GqHpbeJTPi"
260,CNN,Sun Sep 09 13:12:17 +0000 2018,61,0.0,0.0,1.0,0.0,"Kellyanne Conway calls the anonymous author of New York Times op-ed “pathetic,” and says that President Trump doesn… https://t.co/Q1gL08jlzD"
261,CNN,Sun Sep 09 13:01:00 +0000 2018,62,0.7096,0.228,0.772,0.0,"A widow only had $3 for gas, so a cop pumped an extra $20 into the tank and inspired others to help her… https://t.co/4bhnC3f8G5"
262,CNN,Sun Sep 09 12:31:00 +0000 2018,63,0.0516,0.135,0.738,0.127,"“You can’t shame people for trying to make an honest living,” says former ""Cosby Show"" actor Geoffrey Owens, respon… https://t.co/wlvcQPBRQE"
263,CNN,Sun Sep 09 12:30:21 +0000 2018,64,-0.6486,0.0,0.765,0.235,"A shooting near Auburn University leaves one person dead and four others wounded, police say https://t.co/2ZXmZQBc7O"
264,CNN,Sun Sep 09 12:01:05 +0000 2018,65,0.6808,0.301,0.699,0.0,A former Buddhist monk is trying to help the world relax with an app https://t.co/pqyP4IaQfv https://t.co/9LfpYgGYv1
265,CNN,Sun Sep 09 11:31:00 +0000 2018,66,0.0772,0.097,0.817,0.086,"There's no place like home. A pair of ruby slippers Judy Garland wore in ""The Wizard of Oz"" were found 13 years aft… https://t.co/gkiyhsMjrd"
266,CNN,Sun Sep 09 11:01:07 +0000 2018,67,0.4939,0.225,0.775,0.0,"This new, environmentally friendly six-pack doesn't require any plastic rings https://t.co/mgAU4tnO87 https://t.co/dt5fhguit7"
267,CNN,Sun Sep 09 10:31:00 +0000 2018,68,0.0,0.0,1.0,0.0,This Harry's factory in Germany makes 3 million razor blades -- every single day https://t.co/MELRtwCDht https://t.co/O3N5IaGR32
268,CNN,Sun Sep 09 10:01:07 +0000 2018,69,0.0,0.0,1.0,0.0,"More baby boomers are turning to marijuana, a new study says https://t.co/Ct4GQnRzWK https://t.co/GPEaJumayd"
269,CNN,Sun Sep 09 09:31:00 +0000 2018,70,0.4939,0.176,0.824,0.0,A Wisconsin man discovered that a co-worker and friend of two years is actually his biological father… https://t.co/EhgaSZ0bzn
270,CNN,Sun Sep 09 09:01:06 +0000 2018,71,0.4019,0.114,0.886,0.0,"Adhering to the Mediterranean diet can help prolong your life, even if you are already 65 or older, a new study sug… https://t.co/ICe1Rinl0P"
271,CNN,Sun Sep 09 08:31:00 +0000 2018,72,-0.5994,0.0,0.672,0.328,20 things to eat before you die: https://t.co/Pj421cylRj https://t.co/HjOuNna1kg
272,CNN,Sun Sep 09 08:08:57 +0000 2018,73,0.3182,0.108,0.892,0.0,"North Korea has staged a huge military parade to mark the 70th anniversary of the country's founding.

But the disp… https://t.co/YNX5QpQOfe"
273,CNN,Sun Sep 09 08:01:03 +0000 2018,74,-0.296,0.0,0.891,0.109,This man put up an electric fence near a school bus stop to keep kids off his lawn https://t.co/UFfLq5GRS3 https://t.co/pk2dguMY0Y
274,CNN,Sun Sep 09 07:31:00 +0000 2018,75,0.0,0.0,1.0,0.0,Did you know the biggest home in America is also a working farm? This is homegrown cuisine at the Biltmore estate:… https://t.co/iwEKgORuZH
275,CNN,Sun Sep 09 07:01:07 +0000 2018,76,0.0,0.0,1.0,0.0,She sits at her computer all day scrubbing the internet of photos and videos published without the subject's permis… https://t.co/ot3h4MO1XQ
276,CNN,Sun Sep 09 06:31:00 +0000 2018,77,0.4019,0.197,0.803,0.0,"Goodyear’s new blimp, the Wingfoot Three, features some special upgrades https://t.co/W8jS9GQvuE https://t.co/BtXDSLIrVs"
277,CNN,Sun Sep 09 06:01:05 +0000 2018,78,0.0,0.0,1.0,0.0,"More than a century ago, Frank Bennett Fiske had a photography studio at Fort Yates, a US Army post in the middle o… https://t.co/AaBBUY6nh8"
278,CNN,Sun Sep 09 05:58:50 +0000 2018,79,0.3182,0.108,0.892,0.0,North Korea has staged a huge military parade to mark the 70th anniversary of the country's founding; the display w… https://t.co/ITehHWR81C
279,CNN,Sun Sep 09 05:30:05 +0000 2018,80,0.7506,0.291,0.709,0.0,"Students at Luck High School in Wisconsin got a huge surprise when, on the first day of classes, an area businessma… https://t.co/nS1OPDLEYR"
280,CNN,Sun Sep 09 05:01:02 +0000 2018,81,-0.25,0.099,0.755,0.146,"A condition known as black hairy tongue has been linked with certain medications, conditions and poor oral health.… https://t.co/M8IAzZyRRW"
281,CNN,Sun Sep 09 04:50:04 +0000 2018,82,0.0,0.0,1.0,0.0,RT @willripleyCNN: Pyongyang’s display of military hardware during Sunday's parade was considerably understated compared to what North Kore…
282,CNN,Sun Sep 09 04:47:01 +0000 2018,83,0.3182,0.108,0.892,0.0,"North Korea has staged a huge military parade to mark the 70th anniversary of the country's founding -- however, un… https://t.co/OZDAud4Ns1"
283,CNN,Sun Sep 09 04:30:10 +0000 2018,84,0.0,0.0,1.0,0.0,"The world is full of buttons that don't actually do anything.

They're at crosswalks, in elevators, and on thermost… https://t.co/X8Fk5vW84r"
284,CNN,Sun Sep 09 04:00:09 +0000 2018,85,-0.5423,0.0,0.72,0.28,Same-sex relationships are still a crime in 69 countries https://t.co/ms0tQfSJuK https://t.co/vDr9VTeWyz
285,CNN,Sun Sep 09 03:30:13 +0000 2018,86,0.0772,0.135,0.744,0.121,"Whitney Austin was shot 12 times as she walked to work. She lived, thanks to emergency workers… https://t.co/iSVPJmCNkZ"
286,CNN,Sun Sep 09 03:13:52 +0000 2018,87,-0.7717,0.0,0.717,0.283,A Dallas police officer shot and killed a man after mistakenly entering his apartment at the complex where she also… https://t.co/VtAO1OVtoO
287,CNN,Sun Sep 09 03:00:16 +0000 2018,88,0.0,0.0,1.0,0.0,"Archaeologists believe they have unearthed one of Egypt's oldest-known settlements in the Nile Delta, dating back s… https://t.co/zNtw8XmPWE"
288,CNN,Sun Sep 09 02:30:11 +0000 2018,89,0.4215,0.141,0.859,0.0,This California nurse discovered that her colleague was a patient she cared for as a baby 28 years ago… https://t.co/cxLLSuyo0l
289,CNN,Sun Sep 09 02:00:20 +0000 2018,90,0.34,0.13,0.87,0.0,A Chinese kindergarten welcomed children back to school at the beginning of term with a pole dancing display https://t.co/hxVy5k00U6
290,CNN,Sun Sep 09 01:30:15 +0000 2018,91,-0.4019,0.166,0.488,0.346,Behind the glamour of the Miss America pageant lies discord and division https://t.co/aaLVFTs7IA https://t.co/JwfVCX6kRf
291,CNN,Sun Sep 09 01:00:07 +0000 2018,92,0.0,0.0,1.0,0.0,Letter suggests Vatican knew of sexual misconduct allegations against former Cardinal Theodore McCarrick in 2000… https://t.co/3uARKeDRZp
292,CNN,Sun Sep 09 00:45:00 +0000 2018,93,0.0,0.0,1.0,0.0,A high school student who made faces during President Trump's rally in Montana says he thinks he was removed from t… https://t.co/XXWsRbSNEi
293,CNN,Sun Sep 09 00:30:13 +0000 2018,94,0.0,0.0,1.0,0.0,"Secretary of State Mike Pompeo has received a letter from North Korean leader Kim Jong Un to President Trump, accor… https://t.co/Zb65tZTXwz"
294,CNN,Sun Sep 09 00:15:04 +0000 2018,95,0.5216,0.183,0.817,0.0,Chicago bishop who didn't report child abuse allegations to police is living on archdiocese property… https://t.co/XgJs0lDRBG
295,CNN,Sun Sep 09 00:00:22 +0000 2018,96,0.0,0.0,1.0,0.0,"Breaking hearts, Elton John kicks off final world tour https://t.co/2PvLzue2eq https://t.co/FBBFfsqIgA"
296,CNN,Sat Sep 08 23:45:06 +0000 2018,97,-0.2023,0.144,0.667,0.189,"President Trump, Republicans using impeachment threat as tool to motivate their base https://t.co/hR81HTIXYo https://t.co/7NCnW8Hvwx"
297,CNN,Sat Sep 08 23:30:04 +0000 2018,98,0.6597,0.329,0.671,0.0,"Democratic Senate hopes are alive, though precarious https://t.co/yPCppeoQYm | Analysis by Harry Enten https://t.co/fiEbeVZXUP"
298,CNN,Sat Sep 08 23:15:02 +0000 2018,99,-0.0772,0.095,0.794,0.111,"Mick Mulvaney, a top Trump administration official, warned behind closed doors that Republican candidates such as T… https://t.co/YjS8OpqwPG"
299,CNN,Sat Sep 08 23:00:10 +0000 2018,100,0.34,0.194,0.806,0.0,Why big food companies are giving money to startups https://t.co/JmSzLLRjvb https://t.co/LHTuemkTEb
300,FoxNews,Mon Sep 10 04:30:00 +0000 2018,1,0.4019,0.172,0.828,0.0,".@RealCandaceO on the current state of the Democratic Party: ""It's completely splintered."" @NextRevFNC https://t.co/xUcB1qHSNs"
301,FoxNews,Mon Sep 10 04:23:00 +0000 2018,2,-0.4215,0.0,0.843,0.157,"Pirro to Obama: 'Your Lies, Your Policies and Your Divisiveness' Are Why Trump Is President https://t.co/DTluidFcVZ"
302,FoxNews,Mon Sep 10 04:15:00 +0000 2018,3,0.0,0.0,1.0,0.0,".@GOPLeader: “We are building the wall right now in the southern portions, in California and in New Mexico, but we… https://t.co/eehfmRietd"
303,FoxNews,Mon Sep 10 04:07:00 +0000 2018,4,-0.5574,0.0,0.753,0.247,"On ""Justice,"" @JudgeJeanine slammed former President @BarackObama for his fiery speech Friday, which accused Presid… https://t.co/lp5DeAccnb"
304,FoxNews,Mon Sep 10 04:00:00 +0000 2018,5,0.4939,0.198,0.802,0.0,".@JohnJamesMI: “Understanding how to keep Americans safe is what we want. But also in terms of business, understand… https://t.co/Qfd5JgdWvJ"
305,FoxNews,Mon Sep 10 03:50:00 +0000 2018,6,-0.1779,0.14,0.661,0.198,"California fire season may extend into autumn, officials say https://t.co/I2x08DOTHS"
306,FoxNews,Mon Sep 10 03:40:00 +0000 2018,7,0.0,0.0,1.0,0.0,Passengers use a card to enter the newly-opened WTC Cortlandt subway station in New York on Saturday. The subway st… https://t.co/9keYujbofv
307,FoxNews,Mon Sep 10 03:33:00 +0000 2018,8,0.0,0.0,1.0,0.0,"GoFundMe couple allegedly spent homeless man's money on shoe collection, pricey vacations: report https://t.co/i9TSeoAxKm"
308,FoxNews,Mon Sep 10 03:25:00 +0000 2018,9,-0.5267,0.0,0.694,0.306,".@jonvoight: ""There are no statesmen, no statesmen, in the Democratic world."" https://t.co/PrrVFbbarQ"
309,FoxNews,Mon Sep 10 03:17:17 +0000 2018,10,0.8934,0.401,0.599,0.0,".@jonvoight: ""There's wonderful things happening every day thanks in great part to this president that we have, who… https://t.co/vkzeEPCwZv"
310,FoxNews,Mon Sep 10 03:07:58 +0000 2018,11,0.0,0.0,1.0,0.0,".@jonvoight on President @realDonaldTrump: ""He's actually doing what he said he would do."" https://t.co/dPuf6JB2LI"
311,FoxNews,Mon Sep 10 03:03:43 +0000 2018,12,0.2732,0.1,0.9,0.0,".@jonvoight on what made him become a Trump supporter: ""He was self-funding and that meant that he wouldn't have an… https://t.co/gTXqNjI1Xp"
312,FoxNews,Mon Sep 10 03:00:00 +0000 2018,13,0.0,0.0,1.0,0.0,The U.S. Capitol building is reflected in a rain puddle at daybreak on Saturday in Washington. https://t.co/gPzVOXmeE2
313,FoxNews,Mon Sep 10 02:52:31 +0000 2018,14,0.0516,0.165,0.72,0.114,"""You needed somebody who was a doer. Somebody who solved problems, who got up in the morning to solve problems.""… https://t.co/2KjgQTmlsJ"
314,FoxNews,Mon Sep 10 02:44:35 +0000 2018,15,0.1779,0.112,0.803,0.084,".@jonvoight: ""I know that we have to keep focus and keep battling for what is true. And things will change, because… https://t.co/J2EbJUoquX"
315,FoxNews,Mon Sep 10 02:42:34 +0000 2018,16,0.5994,0.358,0.642,0.0,".@jonvoight: ""Patriotism brings you many beautiful friends."" https://t.co/WbSrcbxd1X"
316,FoxNews,Mon Sep 10 02:38:06 +0000 2018,17,0.1027,0.205,0.616,0.178,"Florence strengthens into a hurricane, threatens to hit Southeast US https://t.co/fKABDcV6ml https://t.co/MYVS2x49l0"
317,FoxNews,Mon Sep 10 02:35:11 +0000 2018,18,0.0,0.0,1.0,0.0,".@jonvoight: ""When you look at...John Kennedy's inaugural address— his inaugural address would be deemed today by t… https://t.co/yENRnhBu7c"
318,FoxNews,Mon Sep 10 02:28:32 +0000 2018,19,0.0,0.0,1.0,0.0,".@VP Pence slams 'disappointing' Obama speech, says he'd take lie detector to prove he didn't write NYT Op-Ed https://t.co/udGkLfTbo3"
319,FoxNews,Mon Sep 10 02:22:45 +0000 2018,20,0.296,0.109,0.891,0.0,"THIS DAY IN HISTORY: The Apollo 11 astronauts, Michael Collins, Neil Armstrong and Edwin Aldrin, join Postmaster Ge… https://t.co/bPEtRfpVNA"
320,FoxNews,Mon Sep 10 02:17:53 +0000 2018,21,0.9042,0.371,0.629,0.0,".@jonvoight to the late Burt Reynolds: ""You were a true artist in every way. You had the greatest love for your cra… https://t.co/LDybBaLaJs"
321,FoxNews,Mon Sep 10 02:04:49 +0000 2018,22,-0.2732,0.0,0.851,0.149,'Dine-and-dash dater' who allegedly left dates with pricey bills faces new charges https://t.co/bMpMgIE6Qz
322,FoxNews,Mon Sep 10 01:50:54 +0000 2018,23,0.0,0.0,1.0,0.0,.@MiamiDolphins players Kenny Stills and Albert Wilson kneel during the national anthem before their game against t… https://t.co/8qTIrZ2J1l
323,FoxNews,Mon Sep 10 01:39:18 +0000 2018,24,0.3182,0.113,0.887,0.0,"RT @FoxNewsResearch: North Korea:
•1945: Korea divided at 38th parallel
•1948: Separate nations established
—Communist NK supported by Sovi…"
324,FoxNews,Mon Sep 10 01:36:21 +0000 2018,25,0.0,0.0,1.0,0.0,"Ahead of Kavanaugh confirmation vote, Sen. Collins receives 3,000 hangers from pro-choice activists. https://t.co/rANFDYJler"
325,FoxNews,Mon Sep 10 01:30:04 +0000 2018,26,0.4019,0.172,0.828,0.0,".@RealCandaceO on the current state of the Democratic Party: ""It's completely splintered."" @NextRevFNC https://t.co/iZ7E9kGj4O"
326,FoxNews,Mon Sep 10 01:27:43 +0000 2018,27,0.4767,0.256,0.744,0.0,".@charliekirk11: ""The president has improved the economy tremendously."" @NextRevFNC https://t.co/N9UgRrriAu"
327,FoxNews,Mon Sep 10 01:18:57 +0000 2018,28,-0.743,0.0,0.656,0.344,DEVELOPING: Female Dallas cop who killed man in his home charged with manslaughter. https://t.co/hdtrAEvANL
328,FoxNews,Mon Sep 10 01:06:00 +0000 2018,29,-0.7003,0.0,0.756,0.244,Oregon fast food restaurant revises button policy after employees wear 'Abolish ICE' and 'No one is illegal' pins a… https://t.co/Mw7KVc6TAr
329,FoxNews,Mon Sep 10 01:05:56 +0000 2018,30,-0.4767,0.0,0.693,0.307,"Paris knife attack leaves 7 wounded, reports say. https://t.co/vm9JmTgov1"
330,FoxNews,Mon Sep 10 01:00:00 +0000 2018,31,-0.4588,0.0,0.8,0.2,"Beyonce, Jay-Z threatened by George Zimmerman over Trayvon Martin documentary, report says. https://t.co/zV9SgrGTRl"
331,FoxNews,Mon Sep 10 00:56:33 +0000 2018,32,-0.5423,0.0,0.759,0.241,"Woman kills husband at Walmart in front of 3 children, cops say. https://t.co/D9bHaZs8sf"
332,FoxNews,Mon Sep 10 00:45:00 +0000 2018,33,0.0,0.0,1.0,0.0,"Cold case detectives search Ohio farm in couple's separate disappearances in 1994 and 2003.
https://t.co/YsKF1iUqvJ"
333,FoxNews,Mon Sep 10 00:37:00 +0000 2018,34,0.0,0.0,1.0,0.0,"Corey Brooks on leadership in Chicago: ""Until we start to diversify how we view politically ourselves, we're going… https://t.co/SgmmEeNBym"
334,FoxNews,Mon Sep 10 00:33:00 +0000 2018,35,-0.6249,0.0,0.83,0.17,"Jason Hill on political leadership in Chicago: “I think corruption and violence are part of the DNA of the city.""… https://t.co/uQOBzYe2pP"
335,FoxNews,Mon Sep 10 00:27:00 +0000 2018,36,-0.6249,0.0,0.823,0.177,"Kevin Graham on Chicago violence: ""It didn't start yesterday. It started started years ago when they decided to und… https://t.co/uLKBkva9rM"
336,FoxNews,Mon Sep 10 00:25:20 +0000 2018,37,-0.6597,0.0,0.833,0.167,"Rochelle Sykes, aunt of teen murdered in Chicago: ""He wasn't in a gang, he didn't do drugs. What is it that he coul… https://t.co/AJnyEkU6yi"
337,FoxNews,Mon Sep 10 00:19:00 +0000 2018,38,0.0946,0.173,0.711,0.116,"TONIGHT: Don't miss ""Life, Liberty, &amp; Levin"" with @marklevinshow and special guest @jonvoight - Tune in at 10p ET o… https://t.co/KyHzpCraFE"
338,FoxNews,Mon Sep 10 00:11:05 +0000 2018,39,0.5719,0.252,0.748,0.0,Parkland high school wins first home football game since deadly shooting. https://t.co/okqgRuN8bC
339,FoxNews,Mon Sep 10 00:00:01 +0000 2018,40,-0.2732,0.0,0.851,0.149,'Dine-and-dash dater' who allegedly left dates with pricey bills faces new charges. https://t.co/6uHd2KEbBH
340,FoxNews,Sun Sep 09 23:52:20 +0000 2018,41,-0.5106,0.0,0.829,0.171,".@KatiePavlich on fallout of anonymous NYT op-ed: ""Politically, I don't think it was damaging at all."" #FNS https://t.co/i4cxKWnSSs"
341,FoxNews,Sun Sep 09 23:46:42 +0000 2018,42,-0.3182,0.0,0.813,0.187,JUST IN: @DjokerNole defeats @delpotrojuan in the US Open final. https://t.co/zaObEUXZTO
342,FoxNews,Sun Sep 09 23:41:10 +0000 2018,43,0.4767,0.181,0.819,0.0,UPDATE: CBS CEO Les Moonves departs the company 'effective immediately' amid sexual misconduct allegations. https://t.co/sif3n9cXUt
343,FoxNews,Sun Sep 09 23:36:31 +0000 2018,44,-0.6204,0.0,0.831,0.169,".@VP Pence on anonymous NYT op-ed: ""It really is an assault on our democracy and it should be universally condemned… https://t.co/JbF736Ujrs"
344,FoxNews,Sun Sep 09 23:25:00 +0000 2018,45,0.1139,0.1,0.9,0.0,"TONIGHT: Don't miss a brand new ""The Next Revolution"" with @SteveHiltonx featuring @TezlynFigaro, @charliekirk11,… https://t.co/q1emBr1zRr"
345,FoxNews,Sun Sep 09 23:24:07 +0000 2018,46,-0.3818,0.0,0.833,0.167,"Convicted ex-Trump aide George Papadopoulos suggests Sessions lied to Congress about Putin summit.
https://t.co/ktifrCuImb"
346,FoxNews,Sun Sep 09 23:13:48 +0000 2018,47,0.0,0.0,1.0,0.0,"Ahead of the 17th anniversary of 9/11, the 'Tower of Voices' was erected in Shanksville, Pennsylvania, by the… https://t.co/rM9Pv6AP8l"
347,FoxNews,Sun Sep 09 23:05:00 +0000 2018,48,0.0,0.0,1.0,0.0,"On @FoxNewsSunday, @VP Pence blasted @BarackObama and his administration's policies after a series of political eve… https://t.co/QghWHty9ne"
348,FoxNews,Sun Sep 09 22:57:44 +0000 2018,49,-0.34,0.0,0.789,0.211,Tennessee officials post warning after bear gets into truck. https://t.co/b09fvEZ33Y
349,FoxNews,Sun Sep 09 22:41:39 +0000 2018,50,0.2263,0.195,0.671,0.134,.@Kaepernick7 thanks @MiamiDolphins players for anthem protest prior to season opener. https://t.co/7hwfyZfidr
350,FoxNews,Sun Sep 09 22:32:24 +0000 2018,51,0.6249,0.421,0.579,0.0,"Sweden election sees gains for far-right, anti-immigrant party. https://t.co/idQqV18Wkz"
351,FoxNews,Sun Sep 09 22:15:41 +0000 2018,52,0.34,0.13,0.87,0.0,.@cindymccain was selected as the @AZCardinals' honorary team captain for their season opener against the @Redskins. https://t.co/Msst3qaMks
352,FoxNews,Sun Sep 09 22:08:00 +0000 2018,53,-0.4019,0.0,0.886,0.114,CBS CEO Les Moonves will step down from his position amid a series of sexual misconduct complaints by at least 12 f… https://t.co/BBGA0oDvnM
353,FoxNews,Sun Sep 09 22:02:24 +0000 2018,54,0.0,0.0,1.0,0.0,"Florence forecast to become 'major hurricane,' moving toward southeastern US. https://t.co/iKfaYcaEKE"
354,FoxNews,Sun Sep 09 21:54:00 +0000 2018,55,0.0,0.0,1.0,0.0,Detroit food truck owner refuses to serve law enforcement officers. https://t.co/9IRucnDFQg
355,FoxNews,Sun Sep 09 21:50:00 +0000 2018,56,0.0,0.0,1.0,0.0,What is the Saffir-Simpson hurricane wind scale? https://t.co/qwC1JRN1Pv
356,FoxNews,Sun Sep 09 21:46:00 +0000 2018,57,-0.4404,0.0,0.707,0.293,Shark attacks 23-year-old surfer at Hawaii beach. https://t.co/t9i5ExcQtX
357,FoxNews,Sun Sep 09 21:41:43 +0000 2018,58,-0.4215,0.0,0.725,0.275,German pop singer missing at sea after falling from cruise ship. https://t.co/2bcLANlBBp
358,FoxNews,Sun Sep 09 21:33:00 +0000 2018,59,0.5574,0.247,0.753,0.0,The 'forgotten' Supreme Court decision and its impact on our politics. https://t.co/MOAa5RKDZY
359,FoxNews,Sun Sep 09 21:26:58 +0000 2018,60,-0.4588,0.0,0.84,0.16,RT @EricShawnTV: No big missiles at the North Korean parade. A message from Kim Jong Un...or empty symbol? Watch our analysis @FoxNews on w…
360,FoxNews,Sun Sep 09 21:26:00 +0000 2018,61,-0.5423,0.0,0.759,0.241,"Woman kills husband at Walmart in front of 3 children, cops say. https://t.co/D9bHaZs8sf"
361,FoxNews,Sun Sep 09 21:19:00 +0000 2018,62,-0.872,0.0,0.548,0.452,Reps. McCaul and Chabot: Drones in the wrong hands are a terror threat to Americans. https://t.co/B5gx5K6CBk
362,FoxNews,Sun Sep 09 21:10:17 +0000 2018,63,0.0,0.0,1.0,0.0,Model with Down syndrome walks runway at New York Fashion Week. https://t.co/kVJsP2b24r
363,FoxNews,Sun Sep 09 21:02:00 +0000 2018,64,-0.3818,0.0,0.833,0.167,Tennessee parents upset by school's response after students find maggots in cafeteria food. https://t.co/18uktWeVqE
364,FoxNews,Sun Sep 09 20:55:00 +0000 2018,65,-0.34,0.0,0.769,0.231,Hurricane warning vs. watch: How are they different? https://t.co/cTu0fKwfJ0
365,FoxNews,Sun Sep 09 20:46:00 +0000 2018,66,-0.5106,0.0,0.798,0.202,"John Kerry condemns bids to 'destroy' presidents, then suggests Trump unfit for office. https://t.co/olf57al13c"
366,FoxNews,Sun Sep 09 20:39:36 +0000 2018,67,0.0,0.0,1.0,0.0,"The #DeltaFire in Northern California has scorched over 41,000 acres and is only 5% contained. https://t.co/uwWBRHpNg1"
367,FoxNews,Sun Sep 09 20:33:00 +0000 2018,68,-0.2244,0.0,0.905,0.095,Don’t miss “Fox Report with Jon Scott” Saturdays and Sundays at 6p ET on Fox News Channel! @JonScottFNC https://t.co/2QyvbhaLvu
368,FoxNews,Sun Sep 09 20:30:10 +0000 2018,69,0.0,0.0,1.0,0.0,New York Democrats slammed for mailer implying Cynthia Nixon is anti-Semitic. https://t.co/zMKr1P27UE
369,FoxNews,Sun Sep 09 20:11:28 +0000 2018,70,-0.6369,0.0,0.819,0.181,".@CGasparino on CBS CEO Les Moonves after fallout of new sexual abuse allegations: ""Sources close to the company ar… https://t.co/yzQLNiXdkA"
370,FoxNews,Sun Sep 09 19:59:58 +0000 2018,71,-0.34,0.0,0.844,0.156,"BREAKING: CBS CEO Les Moonves to resign after sexual misconduct claims, sources say. https://t.co/ymLNggZXU3"
371,FoxNews,Sun Sep 09 19:48:41 +0000 2018,72,0.4215,0.167,0.833,0.0,"Gold Star Wife: @Nike, @Kaepernick7 Should Visit Arlington Nat'l Cemetery to See 'True Sacrifice' https://t.co/fIU2wfzlN1"
372,FoxNews,Sun Sep 09 19:37:00 +0000 2018,73,-0.5267,0.0,0.746,0.254,"Serena Williams fined $17,000 for violations during US Open final. https://t.co/yXSo6H57YU"
373,FoxNews,Sun Sep 09 19:31:00 +0000 2018,74,0.4019,0.137,0.863,0.0,"In a special @IngrahamAngle town hall, Laura Ingraham delves into the reasons behind the staggering levels of viole… https://t.co/XscrFpWgAA"
374,FoxNews,Sun Sep 09 19:26:00 +0000 2018,75,0.296,0.128,0.872,0.0,"Amber Alert issued for Arizona girl, 14, who may be with 21-year-old man, police say.
https://t.co/ClKwKq8pc9"
375,FoxNews,Sun Sep 09 19:22:18 +0000 2018,76,0.7184,0.286,0.714,0.0,Hurricane Florence is gaining strength in the Atlantic as it churns towards the East Coast. https://t.co/8c5SSRC3qc https://t.co/zhFVwqSmu0
376,FoxNews,Sun Sep 09 19:15:55 +0000 2018,77,-0.5106,0.0,0.829,0.171,".@KatiePavlich on fallout of anonymous NYT op-ed: ""Politically, I don't think it was damaging at all."" #FNS https://t.co/WoBlvhrNVk"
377,FoxNews,Sun Sep 09 19:06:39 +0000 2018,78,0.0,0.0,1.0,0.0,"Sen. @ChrisCoons: ""What's the basis in law for investigating who wrote this editorial?"" #FNS https://t.co/THYdbWUP5g"
378,FoxNews,Sun Sep 09 18:54:14 +0000 2018,79,-0.6204,0.0,0.831,0.169,".@VP Pence on anonymous NYT op-ed: ""It really is an assault on our democracy and it should be universally condemned… https://t.co/z4W1fkdS7r"
379,FoxNews,Sun Sep 09 18:36:32 +0000 2018,80,0.5423,0.156,0.844,0.0,".@VP Pence on writer of anonymous NYT op-ed: ""That person should do the honorable thing, step forward and resign.""… https://t.co/JB6SuNADq2"
380,FoxNews,Sun Sep 09 18:24:05 +0000 2018,81,-0.5106,0.0,0.845,0.155,".@VP Pence: ""The American people in 2016 rejected the policy and direction of @BarackObama when they elected Presid… https://t.co/TUZpTe4qfL"
381,FoxNews,Sun Sep 09 18:18:23 +0000 2018,82,0.0,0.0,1.0,0.0,"Tom Ridge at Tower of Voices dedication ceremony: ""At the end of the day, the story of Flight 93 is also quite simp… https://t.co/FsweFlUCuj"
382,FoxNews,Sun Sep 09 18:14:00 +0000 2018,83,0.5267,0.167,0.833,0.0,"TONIGHT: Actor @jonvoight sounds off on politics in Hollywood on ""Life, Liberty, &amp; Levin"" with @marklevinshow - Tun… https://t.co/yx7Fa0XTFC"
383,FoxNews,Sun Sep 09 18:10:13 +0000 2018,84,0.0,0.0,1.0,0.0,American Airlines pilot buys Papa John's Pizza for 159 passengers after flight is diverted. https://t.co/xvByPwU1Ts
384,FoxNews,Sun Sep 09 18:00:02 +0000 2018,85,0.0,0.0,1.0,0.0,South Carolina nail salon allegedly kicks out customer for being 'too big' https://t.co/5HUc1rrnZI
385,FoxNews,Sun Sep 09 17:45:25 +0000 2018,86,0.0,0.0,1.0,0.0,Tom Ridge speaks at Tower of Voices dedication ceremony https://t.co/ikbSFAlxAW https://t.co/b2JPTl6QYc
386,FoxNews,Sun Sep 09 17:40:00 +0000 2018,87,-0.34,0.0,0.855,0.145,CBS CEO Les Moonves accused by six more women of sexual misconduct amid reports he'll get big money to leave network https://t.co/pWZMpV3TED
387,FoxNews,Sun Sep 09 17:28:17 +0000 2018,88,0.0,0.0,1.0,0.0,Groundbreaking 'Tower of Voices' Flight 93 memorial erected ahead of 9/11 anniversary https://t.co/1vKJhTYOju
388,FoxNews,Sun Sep 09 17:27:00 +0000 2018,89,0.25,0.241,0.622,0.137,"OPINION: @TayaKyle: Nike, I love your gear, but your Colin Kaepernick ad exhausts my spirit https://t.co/mYRWvWICY7"
389,FoxNews,Sun Sep 09 17:16:00 +0000 2018,90,-0.2244,0.0,0.905,0.095,Don’t miss “Fox Report with Jon Scott” Saturdays and Sundays at 6p ET on Fox News Channel! @JonScottFNC https://t.co/4AIP59OJCI
390,FoxNews,Sun Sep 09 17:03:39 +0000 2018,91,0.4767,0.134,0.866,0.0,"The National Park Service, along with the Families of Flight 93, Friends of Flight 93 National Memorial, and the Na… https://t.co/yN1RAKyQdv"
391,FoxNews,Sun Sep 09 17:00:01 +0000 2018,92,-0.0772,0.0,0.909,0.091,'Never Discount Kanye West': Owens Says Superstar Rapper Is Serious About Presidential Run https://t.co/SXydomI6h0
392,FoxNews,Sun Sep 09 16:55:23 +0000 2018,93,0.0,0.0,1.0,0.0,North Korea marks 70th anniversary https://t.co/GrsUrKUedM https://t.co/wcerChu1rf
393,FoxNews,Sun Sep 09 16:45:00 +0000 2018,94,0.1531,0.152,0.73,0.118,"Trump critic Sen. Sasse says he's considering leaving Republican Party, calls WH a ‘reality show’ https://t.co/hmw8KOKsV3"
394,FoxNews,Sun Sep 09 16:34:00 +0000 2018,95,0.0,0.0,1.0,0.0,TODAY: @VP Mike Pence joins Chris Wallace for an interview on @FoxNewsSunday. Tune in to Fox News Channel at 2p and… https://t.co/YiihQ1YgnQ
395,FoxNews,Sun Sep 09 16:25:00 +0000 2018,96,0.0,0.0,1.0,0.0,.@MZHemingway on anonymous NYT op-ed #MediaBuzz https://t.co/kPvMbzbLAV https://t.co/FMMbr5kifb
396,FoxNews,Sun Sep 09 16:19:00 +0000 2018,97,0.0946,0.173,0.711,0.116,"TONIGHT: Don't miss ""Life, Liberty, &amp; Levin"" with @marklevinshow and special guest @jonvoight - Tune in at 10p ET o… https://t.co/rvdlUEqJMy"
397,FoxNews,Sun Sep 09 16:12:00 +0000 2018,98,-0.7579,0.0,0.581,0.419,"3rd person charged in murder of North Carolina mayor, wife https://t.co/bnj9w8a9eI"
398,FoxNews,Sun Sep 09 16:11:56 +0000 2018,99,0.7351,0.237,0.763,0.0,"RT @FoxNewsResearch: Longest streaks of positive monthly jobs growth:

[1] 95 (and counting) 
→ Oct 2010 - Aug 2018

[2] 48
→ July 1986 - J…"
399,FoxNews,Sun Sep 09 16:05:00 +0000 2018,100,0.2023,0.107,0.893,0.0,Top Democrat mum on whether Cory Booker faces ethics probe for releasing confidential Kavanaugh docs https://t.co/O9GYYrSqV4
400,nytimes,Mon Sep 10 04:30:10 +0000 2018,1,0.34,0.124,0.876,0.0,"In Opinion

Op-Ed columnist @DLeonhardt writes. ""Trump is certainly acting as if his business history contains dama… https://t.co/FDEtxop3Uv"
401,nytimes,Mon Sep 10 04:22:35 +0000 2018,2,-0.4019,0.0,0.863,0.137,"Aaron Rodgers led the Packers to a historic comeback at home, erasing a 17-point fourth quarter deficit by throwing… https://t.co/cqrXHe6pxx"
402,nytimes,Mon Sep 10 04:15:03 +0000 2018,3,0.6249,0.186,0.814,0.0,"After a long period of silence, Barack Obama expressed his exasperation. “When you hear how great the economy’s doi… https://t.co/4PiQhcbvev"
403,nytimes,Mon Sep 10 04:00:16 +0000 2018,4,-0.5267,0.0,0.861,0.139,"A quarter of the world’s 100 busiest airports are less than 10 meters, or 32 feet, above sea level. The threat from… https://t.co/W2YgbdKnXh"
404,nytimes,Mon Sep 10 03:45:04 +0000 2018,5,-0.6613,0.0,0.795,0.205,"Vladimir Putin once said that treachery was the one sin he could not forgive. It could also, he said darkly, be bad… https://t.co/H1rg7gSj77"
405,nytimes,Mon Sep 10 03:34:24 +0000 2018,6,0.3818,0.211,0.611,0.178,"The Winner of Miss America 2019 Is Nia Imani Franklin, Miss New York https://t.co/qMlZv9r9rl"
406,nytimes,Mon Sep 10 03:26:35 +0000 2018,7,0.0,0.0,1.0,0.0,RT @NYTStyles: 🎵NEW YOOOOOOOORK 🎵https://t.co/tGoEGoBVQh
407,nytimes,Mon Sep 10 03:24:26 +0000 2018,8,0.6705,0.2,0.8,0.0,"RT @JulietMacur: Serena Williams used her powerful voice to raise the issue of inequities in tennis. And yes, change is needed. But her tim…"
408,nytimes,Mon Sep 10 03:22:02 +0000 2018,9,0.6908,0.222,0.778,0.0,"John Legend, Andrew Lloyd Webber and Tim Rice just joined the small elite group of entertainers who have won an Emm… https://t.co/P89ELYHOn1"
409,nytimes,Mon Sep 10 03:17:50 +0000 2018,10,0.6369,0.276,0.724,0.0,Sweden’s Centrists Prevail Even as Far-Right Has Its Best Showing Ever https://t.co/yRUolSOWFv
410,nytimes,Mon Sep 10 03:11:39 +0000 2018,11,-0.4019,0.0,0.838,0.162,"7 people were injured by a knife-wielding assailant in Paris on Sunday night, including 2 British tourists https://t.co/5wptO4wGLS"
411,nytimes,Mon Sep 10 02:56:24 +0000 2018,12,-0.5423,0.0,0.759,0.241,A Spy Story: Sergei Skripal Was a Little Fish. He Had a Big Enemy. https://t.co/UwQWo0INJM
412,nytimes,Mon Sep 10 02:52:40 +0000 2018,13,0.0,0.0,1.0,0.0,RT @ChuBailiang: One of the things that weighed most when working on this story was how the families of Uighurs and other Muslim minorities…
413,nytimes,Mon Sep 10 02:42:02 +0000 2018,14,-0.847,0.0,0.65,0.35,"In Opinion

The editorial board writes, ""This is the lowest form of politics, and the most dangerous, exploiting th… https://t.co/H2WyLhSOqT"
414,nytimes,Mon Sep 10 02:28:41 +0000 2018,15,0.0,0.0,1.0,0.0,"Jack Ma, Alibaba’s Chairman, Plans to Step Down https://t.co/9ekFXi4ZbW"
415,nytimes,Mon Sep 10 02:19:54 +0000 2018,16,0.0,0.0,1.0,0.0,"Children’s books have always been political, but current children’s book creators are finding new outlets to increa… https://t.co/80p9IEGmjJ"
416,nytimes,Mon Sep 10 02:02:31 +0000 2018,17,0.5859,0.202,0.798,0.0,"Home fitness machinery used to be bulky items relegated to the garage or basement. Now, with help from Silicon Vall… https://t.co/hj8WDdL4Gz"
417,nytimes,Mon Sep 10 01:56:56 +0000 2018,18,-0.4939,0.0,0.862,0.138,"RT @dagnysalas: Affairs, redecorating with pheasant feathers and overnight stays in the White House: The list of political scandals with a…"
418,nytimes,Mon Sep 10 01:45:06 +0000 2018,19,-0.296,0.0,0.885,0.115,Sweden looked set for a period of political confusion after elections put a center-right bloc and the ruling center… https://t.co/YyO5uXhMrW
419,nytimes,Mon Sep 10 01:33:20 +0000 2018,20,-0.4767,0.0,0.617,0.383,Paris Knife Attack Wounds 7 People https://t.co/sVVexzuAWK
420,nytimes,Mon Sep 10 01:30:06 +0000 2018,21,-0.6705,0.0,0.816,0.184,A Dallas officer who killed her neighbor in his own apartment after she claims she mistook him for an intruder has… https://t.co/SVosqlU4jL
421,nytimes,Mon Sep 10 01:16:26 +0000 2018,22,-0.3612,0.15,0.57,0.28,"The ""Big Game"" is a gossipy, insightful and wickedly entertaining journey through the NFL https://t.co/hpq6RMrWPt"
422,nytimes,Mon Sep 10 01:00:05 +0000 2018,23,0.7506,0.286,0.714,0.0,"RT @nytopinion: “I want to be a good leader, not a good lady leader. I don’t want to be known simply as the woman who gave birth.” https://…"
423,nytimes,Mon Sep 10 00:31:00 +0000 2018,24,0.6597,0.221,0.779,0.0,Bet on the Giants. Cross a Parking Lot. Watch Them Play. Welcome to Week 1 of N.F.L. Sports Betting at the Meadowla… https://t.co/uplywrpvvX
424,nytimes,Mon Sep 10 00:15:06 +0000 2018,25,0.6705,0.263,0.658,0.078,"Bruce W. Talamon captured the triumphant, the fantastical and the vulnerable moments of America's soul and funk mus… https://t.co/M9xai14pBb"
425,nytimes,Mon Sep 10 00:11:21 +0000 2018,26,0.3818,0.157,0.843,0.0,"White House Memo: Trump Claims Credit for the Economy. Not So Fast, Says Obama. https://t.co/uiTL2WlsLI"
426,nytimes,Sun Sep 09 23:51:34 +0000 2018,27,0.6249,0.347,0.518,0.135,Novak Djokovic Wins the U.S. Open for His 14th Grand Slam Title https://t.co/WWyMFcD9GD
427,nytimes,Sun Sep 09 23:48:49 +0000 2018,28,0.0,0.0,1.0,0.0,Don’t Let Migrant Kids Rot https://t.co/FOFudjY4Ga
428,nytimes,Sun Sep 09 23:41:28 +0000 2018,29,0.2732,0.146,0.751,0.103,"Breaking News: Novak Djokovic won the men’s U.S. Open title, defeating Juan Martín del Potro for his 14th major cha… https://t.co/e7Xf91LufJ"
429,nytimes,Sun Sep 09 23:34:44 +0000 2018,30,0.0,0.0,1.0,0.0,Voters Can Keep Housing Affordable https://t.co/49pcWokQcA
430,nytimes,Sun Sep 09 23:32:50 +0000 2018,31,0.4754,0.134,0.866,0.0,"Breaking News: Les Moonves, one of TV's most powerful executives, is out at CBS, the same day a report detailed new… https://t.co/4U7SKFoevs"
431,nytimes,Sun Sep 09 23:25:45 +0000 2018,32,-0.2263,0.12,0.718,0.163,"A Times reporter describes what it was like to interview internet conspiracy theorist Alex Jones. Afterward, Jones… https://t.co/MQOLfyxDzQ"
432,nytimes,Sun Sep 09 23:18:27 +0000 2018,33,0.0,0.0,1.0,0.0,"Luke Voit Always Knew He Could Hit. Now Everyone Else Does, Too. https://t.co/XfHEKlKEIq"
433,nytimes,Sun Sep 09 23:16:04 +0000 2018,34,0.5859,0.147,0.853,0.0,"RT @NYTSports: Fifty years ago, Arthur Ashe became the first African-American man to win the U.S. Open. He is still the only African-Americ…"
434,nytimes,Sun Sep 09 23:12:43 +0000 2018,35,0.0,0.0,1.0,0.0,A Scourge for California Drivers: Hours on a Sidewalk to Renew a License https://t.co/zTJSryUACL
435,nytimes,Sun Sep 09 23:00:03 +0000 2018,36,-0.34,0.0,0.902,0.098,"RT @ian_urbina: For all the recent attention on guns, there has been far less focus on ammunition. Without bullets, however, a gun is a use…"
436,nytimes,Sun Sep 09 22:44:22 +0000 2018,37,0.0,0.0,1.0,0.0,Almost demolished. Almost donated. The saga of a Frank Lloyd Wright home in Phoenix continues: It is now for sale f… https://t.co/u4sPMjh9GU
437,nytimes,Sun Sep 09 22:25:28 +0000 2018,38,0.0,0.0,1.0,0.0,French musician Nicolas Godin's apartment is a recreation of the moods and memories of his childhood - velvet wallp… https://t.co/GZ1GZyXDgq
438,nytimes,Sun Sep 09 22:09:08 +0000 2018,39,0.0,0.0,1.0,0.0,"Books of The Times: An Epic From Iceland, Complete With Unicorns, Angels and a Stamp-Collecting Werewolf https://t.co/kx5nzHtWGM"
439,nytimes,Sun Sep 09 22:05:46 +0000 2018,40,0.0,0.0,1.0,0.0,"So about that cat that was ""feeding its toy kittens""... https://t.co/tfDedhkBv9"
440,nytimes,Sun Sep 09 21:48:59 +0000 2018,41,0.4939,0.242,0.758,0.0,"Hurricane Florence Strengthening and Targeting the Southeast Coast, Forecasters Say https://t.co/N0dPAJlxZ9"
441,nytimes,Sun Sep 09 21:46:54 +0000 2018,42,0.7783,0.264,0.736,0.0,12-year-old Olivia Moultrie is focused on becoming the best soccer player in the world. It's also why she has hater… https://t.co/r6ccs924GY
442,nytimes,Sun Sep 09 21:30:09 +0000 2018,43,0.8176,0.321,0.679,0.0,Keegan Michael Key had a couple of goals after finishing his sketch comedy show: play an action hero and do Shakesp… https://t.co/MrvFYc5aLE
443,nytimes,Sun Sep 09 21:14:42 +0000 2018,44,0.0,0.0,1.0,0.0,"What happened at the women's final of the U.S. Open between Serena Williams, Naomi Osaka, and umpire Carlos Ramos?… https://t.co/L07TanQlHc"
444,nytimes,Sun Sep 09 21:00:07 +0000 2018,45,-0.2617,0.0,0.898,0.102,"In Opinion

Op-Ed contributor Albert Samaha writes, ""Yes, football is dangerous, but so is leaving one's future in… https://t.co/7UpgUu0wu5"
445,nytimes,Sun Sep 09 20:45:03 +0000 2018,46,0.3612,0.122,0.878,0.0,"In a rare interview, 2 heads of Netflix's comedy programming talk about how the service became the home of prestige… https://t.co/sEtY85C46w"
446,nytimes,Sun Sep 09 20:30:05 +0000 2018,47,-0.7003,0.0,0.721,0.279,"In Opinion

Op-Ed contributor Eric Klinenberg writes, ""Libraries are being disparaged and neglected at precisely th… https://t.co/LbMO3x1L0T"
447,nytimes,Sun Sep 09 20:15:08 +0000 2018,48,-0.2263,0.0,0.909,0.091,"RT @nytimesbusiness: Harvard students demanded a ""living wage"" for campus workers. The university heeded the call and helped many move into…"
448,nytimes,Sun Sep 09 19:45:09 +0000 2018,49,-0.5423,0.0,0.837,0.163,Les Moonves is said to be finalizing his departure from CBS after a report detailing new sexual harassment allegati… https://t.co/DOKUnQ74WH
449,nytimes,Sun Sep 09 19:31:05 +0000 2018,50,0.0,0.0,1.0,0.0,"Serena Williams has been fined $10,000 for her altercation with an umpire at the U.S. Open women's final. Other pla… https://t.co/5xfLAyYHl7"
450,nytimes,Sun Sep 09 19:17:01 +0000 2018,51,0.2975,0.088,0.912,0.0,"RT @NYTSports: “It’s kind of like body surfing in the ocean."" said Elizabeth Osborn, a horse vaulter. ""When you catch a wave and the wave j…"
451,nytimes,Sun Sep 09 19:00:08 +0000 2018,52,0.0,0.0,1.0,0.0,"For Rosh Hashana, this chef merges her Jewish heritage with her Mexico City upbringing https://t.co/yMbIZC72hu"
452,nytimes,Sun Sep 09 18:45:05 +0000 2018,53,-0.6369,0.0,0.755,0.245,"""The Nun,"" the 5th chapter in the ""Conjuring"" series, charges past box office expectations and poor reviews https://t.co/bFnFjR3rzw"
453,nytimes,Sun Sep 09 18:37:52 +0000 2018,54,0.1779,0.139,0.78,0.081,"RT @NYTNational: In many states, it's easier to buy bullets than it is to buy cold medicine. Gun control advocates want to change that by t…"
454,nytimes,Sun Sep 09 18:31:04 +0000 2018,55,0.8555,0.343,0.657,0.0,"The director and stars of ""The Joy Luck Club"" hoped it would usher in a new age of Asian-American projects. Instead… https://t.co/oARBQhdkQT"
455,nytimes,Sun Sep 09 18:15:08 +0000 2018,56,0.0,0.0,1.0,0.0,Why do so many houses (and tombs) in rural Guatemala have American flags painted on them? And how did all these McM… https://t.co/SoykEdqZbb
456,nytimes,Sun Sep 09 18:00:06 +0000 2018,57,0.9118,0.375,0.625,0.0,"Modern Love: ""I don't think many of us would say yes to the question 'Is it O.K. if I act like I care about you and… https://t.co/9x3DBlMi2y"
457,nytimes,Sun Sep 09 17:45:03 +0000 2018,58,0.7906,0.269,0.731,0.0,"A 2,000-foot long unmanned boom is on its way to the Great Pacific Garbage Patch, where organizers hope it will tra… https://t.co/Pi0RZIcQlQ"
458,nytimes,Sun Sep 09 17:31:02 +0000 2018,59,0.3818,0.106,0.894,0.0,"""It is because of [S.E.] Hinton’s work that the average American teen male was revealed to be capable of as much fe… https://t.co/QDFVEeREg0"
459,nytimes,Sun Sep 09 17:15:07 +0000 2018,60,-0.1926,0.071,0.828,0.101,Missed out on the week’s top stories? Need to catch up on the Kavanaugh hearings or the U.S. Open women's final? He… https://t.co/LzlEuSnRek
460,nytimes,Sun Sep 09 17:00:13 +0000 2018,61,0.1779,0.086,0.914,0.0,Lina Khan published a paper titled “Amazon’s Antitrust Paradox” last year. It now forms the basis of a growing anti… https://t.co/vR2z7j6qGX
461,nytimes,Sun Sep 09 16:45:10 +0000 2018,62,-0.9134,0.0,0.506,0.494,A particularly violent day in Afghanistan included Afghan soldiers killed when insurgents attacked a military base… https://t.co/DHAXfGUON2
462,nytimes,Sun Sep 09 16:35:03 +0000 2018,63,-0.296,0.0,0.885,0.115,"Federal prosecutors now say they were ""mistaken"" when they accused alleged Russian operative Maria Butina of offeri… https://t.co/8fn1YN3JAg"
463,nytimes,Sun Sep 09 16:30:02 +0000 2018,64,0.5907,0.212,0.788,0.0,"RT @nytimesworld: ""Naomi Osaka really presents a very interesting challenge for people who are still attached to these antiquated ideas tha…"
464,nytimes,Sun Sep 09 16:15:03 +0000 2018,65,0.1027,0.119,0.78,0.101,Reactions on social media largely focused on the umpire for penalizing Serena Williams for behavior that critics sa… https://t.co/Ym5bwp5VNg
465,nytimes,Sun Sep 09 16:00:06 +0000 2018,66,0.6369,0.218,0.705,0.077,"RT @nytopinion: George W. Bush, who lost the popular vote, carried Florida by 537 votes, won the Electoral College and became the 43rd pres…"
466,nytimes,Sun Sep 09 15:53:54 +0000 2018,67,0.5267,0.134,0.866,0.0,"RT @nytimesworld: The absence of ICBMs in the North Korean military parade is an encouraging signal for Washington, which is urging Kim Jon…"
467,nytimes,Sun Sep 09 15:45:08 +0000 2018,68,0.5975,0.227,0.773,0.0,"“For the first time the court heard that you cannot blame the victim, you cannot transfer all the blame to the woma… https://t.co/TlmXcudzTJ"
468,nytimes,Sun Sep 09 15:31:05 +0000 2018,69,-0.5859,0.0,0.833,0.167,"In Opinion

Op-Ed contributor Kareem Shaheen writes ahead of an expected assault on Idlib, ""Syria taught me that kn… https://t.co/VBk4VPc12E"
469,nytimes,Sun Sep 09 15:15:07 +0000 2018,70,0.0,0.0,1.0,0.0,"How #PlaidShirtGuy wound up with prime seating behind President Trump during a televised rally in Montana, and what… https://t.co/E7oONmM95r"
470,nytimes,Sun Sep 09 15:00:08 +0000 2018,71,0.0,0.0,1.0,0.0,"From covering up an affair to redecorating a congressional office with pheasant feathers, these are a few recent po… https://t.co/G6CZL6yXyb"
471,nytimes,Sun Sep 09 14:45:05 +0000 2018,72,-0.3818,0.0,0.867,0.133,Venezuela and ally Bolivia condemn U.S. officials' secret meetings with members of Venezuelan military that were pl… https://t.co/PbnWtnPwfR
472,nytimes,Sun Sep 09 14:31:04 +0000 2018,73,0.0,0.0,1.0,0.0,"In Opinion

5 high schoolers write, ""We believe informing the public about the history of people with disabilities… https://t.co/5IR8iaA2KY"
473,nytimes,Sun Sep 09 14:15:04 +0000 2018,74,0.3612,0.128,0.872,0.0,"""There were electrical explosions and sparks. People braced themselves because it felt like the train was freewheel… https://t.co/bzi4A6jQ4J"
474,nytimes,Sun Sep 09 14:00:11 +0000 2018,75,0.0,0.0,1.0,0.0,"President Trump’s budget chief thinks Ted Cruz may not be “likable” enough to hold on to his Senate seat, according… https://t.co/mtVO2EBdaR"
475,nytimes,Sun Sep 09 13:58:04 +0000 2018,76,-0.9001,0.0,0.389,0.611,They Killed Their Abusive Husbands. Their Acquittals Shocked Russia. https://t.co/1yDY0jvSBV
476,nytimes,Sun Sep 09 13:45:04 +0000 2018,77,0.34,0.21,0.7,0.09,Billie Jean King agrees with Serena Williams that sexism played role in controversial U.S. Open call https://t.co/uI8zX7CnMu
477,nytimes,Sun Sep 09 13:45:03 +0000 2018,78,0.0,0.0,1.0,0.0,"Here, apple butter is paired with honey, walnuts and currants to make a fall-inspired rugelach… https://t.co/UthvMHNDGW"
478,nytimes,Sun Sep 09 13:30:04 +0000 2018,79,-0.7845,0.068,0.642,0.291,"One of the world's top breast cancer doctors failed to disclose millions of dollars in drug company payments, expos… https://t.co/v5H2tEJD6Y"
479,nytimes,Sun Sep 09 13:00:14 +0000 2018,80,-0.1027,0.0,0.92,0.08,"Judge Brett Kavanaugh, dodging questions at his confirmation hearings, drew on lessons learned from earlier nominee… https://t.co/S01zRu0PRN"
480,nytimes,Sun Sep 09 12:30:03 +0000 2018,81,-0.296,0.0,0.896,0.104,"The Cortlandt Street subway stop, once buried under World Trade Center debris, is reopening just before the 17th an… https://t.co/l104uH4lph"
481,nytimes,Sun Sep 09 12:00:02 +0000 2018,82,0.0,0.0,1.0,0.0,"In heavily pro-Trump West Virginia, Joe Manchin, the Democratic senator up for re-election, has built a lead in pol… https://t.co/7PKZCAcBNi"
482,nytimes,Sun Sep 09 11:35:35 +0000 2018,83,0.296,0.216,0.784,0.0,"To Restore Civil Society, Start With the Library https://t.co/VLwDEa724K"
483,nytimes,Sun Sep 09 11:35:01 +0000 2018,84,-0.4657,0.0,0.879,0.121,How do you model an equitable marriage for your kids? What's really to blame when you fall off of a diet plan? List… https://t.co/0xOctFhMf6
484,nytimes,Sun Sep 09 11:17:51 +0000 2018,85,-0.4767,0.0,0.744,0.256,Can you guess which post is from a fake page? https://t.co/b4CYx6YzdN
485,nytimes,Sun Sep 09 11:00:08 +0000 2018,86,-0.2732,0.065,0.823,0.113,"In a new twist in a legal battle that has plagued President Trump for months, Michael Cohen offered to tear up a no… https://t.co/SHN9KBMKZB"
486,nytimes,Sun Sep 09 10:30:07 +0000 2018,87,-0.4215,0.174,0.59,0.236,"A crafty man-eating tiger on the loose, like the one who has killed 13 people in central India, sounds like somethi… https://t.co/LhwPJI5ixQ"
487,nytimes,Sun Sep 09 10:04:42 +0000 2018,88,0.0,0.0,1.0,0.0,California Teenagers Could Sleep Later Under School Start Bill https://t.co/VFLRk6JXy9
488,nytimes,Sun Sep 09 10:00:10 +0000 2018,89,0.0,0.0,1.0,0.0,"Nearly 23,000 readers submitted questions about the anonymous Op-Ed published in the Times. Op-Ed editor James Dao… https://t.co/h5wdgiJjq4"
489,nytimes,Sun Sep 09 09:30:04 +0000 2018,90,0.4215,0.128,0.872,0.0,China is sending Uighur Muslims to indoctrination camps to rid them of their faith in the biggest internment progra… https://t.co/FzwxlqdAq1
490,nytimes,Sun Sep 09 09:00:05 +0000 2018,91,0.0,0.0,1.0,0.0,The Trump administration held secret meetings with Venezuelan military officers planning a coup against President N… https://t.co/VtXn9m73eC
491,nytimes,Sun Sep 09 08:41:41 +0000 2018,92,0.4939,0.151,0.849,0.0,"Wealth generated by slaves working sugar, rice and cotton plantations built Barbados. If you're willing to stray fr… https://t.co/ax1m0DNTjt"
492,nytimes,Sun Sep 09 08:24:58 +0000 2018,93,-0.6597,0.0,0.748,0.252,Arizona lawmakers cut education budgets. Then teachers got angry. There is a grass-roots uprising taking place in A… https://t.co/AZPIBymfJA
493,nytimes,Sun Sep 09 08:08:04 +0000 2018,94,0.0,0.0,1.0,0.0,"A reboot of the Playboy Club is set to open in New York. The decor is updated midcentury. Are the gender roles, too? https://t.co/dIDNgS0vY1"
494,nytimes,Sun Sep 09 07:51:19 +0000 2018,95,-0.5423,0.0,0.844,0.156,"When you hear opera in a movie, you just know something bad is going to happen. But maybe not anymore. https://t.co/FCJcThhK4X"
495,nytimes,Sun Sep 09 07:34:36 +0000 2018,96,0.0516,0.059,0.941,0.0,"From how to squeeze in a meal during a tight connection to finding discounted fares for kids, here's tips on making… https://t.co/W90plT3ecx"
496,nytimes,Sun Sep 09 07:17:49 +0000 2018,97,0.4404,0.157,0.843,0.0,"She’s testified on behalf of Meek Mill, met with Kanye West after his Taylor Swift VMAs moment and warmed up T.I. f… https://t.co/W7omfM7PHi"
497,nytimes,Sun Sep 09 07:00:32 +0000 2018,98,0.0,0.0,1.0,0.0,"""Era una scena di guerra."" I vigili del fuoco raccontano a The New York Times la scena drammatica del ponte di Geno… https://t.co/nC72JgQix7"
498,nytimes,Sun Sep 09 06:30:09 +0000 2018,99,0.5927,0.194,0.806,0.0,"A year into Facebook Watch's existence, there’s a lot to sift through — but is any of it good? https://t.co/UntLKntx2U"
499,nytimes,Sun Sep 09 06:14:04 +0000 2018,100,0.6908,0.249,0.694,0.057,"She and a friend spent 3 days exploring Las Vegas's pool culture. In that time, they would ""pay handsomely for the… https://t.co/pci0yoFUYf"
